item,category,cluster_name,stock_actual,prediccion,stock_necesario,pedido_propuesto
SUPERMARKET_3_090,SUPERMARKET,Star Products,1089,761.9086539881207,2057,968
SUPERMARKET_3_282,SUPERMARKET,Star Products,501,375.0520508910365,1219,718
SUPERMARKET_3_362,SUPERMARKET,Star Products,375,318.32486797877556,1041,666
SUPERMARKET_3_120,SUPERMARKET,Star Products,728,391.4761160661889,1372,644
SUPERMARKET_3_281,SUPERMARKET,Star Products,272,216.39703959718656,814,542
SUPERMARKET_3_586,SUPERMARKET,Star Products,483,433.03343168544353,882,399
SUPERMARKET_3_681,SUPERMARKET,Star Products,216,208.8414122531143,580,364
SUPERMARKET_3_318,SUPERMARKET,Star Products,191,172.93565503339784,540,349
SUPERMARKET_3_587,SUPERMARKET,Star Products,260,242.9294969076775,567,307
HOME_&_GARDEN_1_465,HOME_&_GARDEN,Star Products,188,179.3882922541292,494,306
ACCESORIES_1_234,ACCESORIES,Sporadic Sellers,359,139.83724537030372,651,292
SUPERMARKET_3_739,SUPERMARKET,Star Products,219,165.30030985560276,509,290
SUPERMARKET_3_288,SUPERMARKET,Star Products,542,258.76192637592266,830,288
SUPERMARKET_3_499,SUPERMARKET,Star Products,228,150.9705077724476,499,271
SUPERMARKET_3_635,SUPERMARKET,Star Products,153,142.02878708252658,416,263
SUPERMARKET_3_723,SUPERMARKET,Star Products,188,183.4509450028488,432,244
SUPERMARKET_3_233,SUPERMARKET,Sporadic Sellers,463,190.1697850703839,703,240
HOME_&_GARDEN_1_448,HOME_&_GARDEN,Everyday Essentials,178,119.26565207338386,407,229
SUPERMARKET_3_714,SUPERMARKET,Star Products,158,211.76784805464624,380,222
HOME_&_GARDEN_1_328,HOME_&_GARDEN,Sporadic Sellers,297,123.1837194775734,514,217
SUPERMARKET_3_764,SUPERMARKET,Star Products,101,117.61745444362757,310,209
HOME_&_GARDEN_1_447,HOME_&_GARDEN,Star Products,117,123.37598938208066,326,209
SUPERMARKET_3_252,SUPERMARKET,Star Products,376,280.3830743419603,581,205
SUPERMARKET_3_329,SUPERMARKET,Star Products,274,148.7285691180428,479,205
HOME_&_GARDEN_1_110,HOME_&_GARDEN,Star Products,177,136.3659005536829,381,204
SUPERMARKET_2_326,SUPERMARKET,Star Products,99,108.53776060416013,300,201
SUPERMARKET_3_403,SUPERMARKET,Everyday Essentials,165,105.6498361252754,360,195
HOME_&_GARDEN_1_441,HOME_&_GARDEN,Sporadic Sellers,206,96.22232921904596,392,186
SUPERMARKET_3_607,SUPERMARKET,Star Products,163,113.18691918078864,346,183
HOME_&_GARDEN_1_418,HOME_&_GARDEN,Star Products,211,138.98951866369003,390,179
HOME_&_GARDEN_1_334,HOME_&_GARDEN,Star Products,202,137.9744064609016,377,175
SUPERMARKET_3_760,SUPERMARKET,Sporadic Sellers,231,82.89872199983499,405,174
SUPERMARKET_3_789,SUPERMARKET,Everyday Essentials,111,86.54448420997906,283,172
SUPERMARKET_3_746,SUPERMARKET,Everyday Essentials,132,111.67063519369364,302,170
SUPERMARKET_3_541,SUPERMARKET,Star Products,80,83.46489521864588,249,169
HOME_&_GARDEN_1_459,HOME_&_GARDEN,Star Products,261,155.51333963123415,427,166
SUPERMARKET_3_498,SUPERMARKET,Star Products,71,83.38310694983525,234,163
SUPERMARKET_3_744,SUPERMARKET,Star Products,78,102.93312991825658,240,162
SUPERMARKET_3_458,SUPERMARKET,Star Products,77,130.69971096520842,239,162
SUPERMARKET_3_202,SUPERMARKET,Star Products,149,144.8079379803408,310,161
SUPERMARKET_3_295,SUPERMARKET,Star Products,137,128.6477273665687,296,159
SUPERMARKET_3_406,SUPERMARKET,Star Products,71,95.78183408604286,229,158
SUPERMARKET_3_263,SUPERMARKET,Everyday Essentials,127,111.69985476178393,284,157
SUPERMARKET_3_307,SUPERMARKET,Everyday Essentials,92,79.17291302714099,248,156
HOME_&_GARDEN_1_429,HOME_&_GARDEN,Sporadic Sellers,134,80.89546078369405,290,156
SUPERMARKET_3_694,SUPERMARKET,Star Products,82,121.24660327873914,237,155
SUPERMARKET_3_135,SUPERMARKET,Sporadic Sellers,181,83.25666214606574,335,154
SUPERMARKET_3_711,SUPERMARKET,Star Products,81,84.49699326685939,234,153
SUPERMARKET_3_555,SUPERMARKET,Star Products,256,196.42335733177129,407,151
ACCESORIES_1_254,ACCESORIES,Everyday Essentials,91,101.6615437569158,241,150
SUPERMARKET_2_197,SUPERMARKET,Star Products,66,81.68718903485856,216,150
SUPERMARKET_3_741,SUPERMARKET,Star Products,123,86.83314523499732,273,150
SUPERMARKET_3_602,SUPERMARKET,Seasonal Spikes,116,37.55271829102419,265,149
HOME_&_GARDEN_1_096,HOME_&_GARDEN,Everyday Essentials,208,117.23787095875312,357,149
HOME_&_GARDEN_1_409,HOME_&_GARDEN,Everyday Essentials,190,118.71202857826802,335,145
HOME_&_GARDEN_1_173,HOME_&_GARDEN,Everyday Essentials,93,79.87093799311067,237,144
HOME_&_GARDEN_1_118,HOME_&_GARDEN,Star Products,265,140.8103675720011,409,144
HOME_&_GARDEN_1_106,HOME_&_GARDEN,Premium Niche,257,102.47281509539884,400,143
SUPERMARKET_2_241,SUPERMARKET,Everyday Essentials,78,75.35616246783975,218,140
HOME_&_GARDEN_1_535,HOME_&_GARDEN,Everyday Essentials,121,97.3642445162819,261,140
HOME_&_GARDEN_1_051,HOME_&_GARDEN,Everyday Essentials,70,76.1059122480917,208,138
SUPERMARKET_3_382,SUPERMARKET,Sporadic Sellers,218,64.60409347722056,354,136
HOME_&_GARDEN_1_019,HOME_&_GARDEN,Star Products,156,107.26366244013214,290,134
SUPERMARKET_3_319,SUPERMARKET,Star Products,93,82.75534059492878,227,134
HOME_&_GARDEN_1_246,HOME_&_GARDEN,Sporadic Sellers,112,47.226700904169135,245,133
SUPERMARKET_2_318,SUPERMARKET,Everyday Essentials,94,69.98721347040845,226,132
SUPERMARKET_3_349,SUPERMARKET,Everyday Essentials,95,79.47893664125587,226,131
SUPERMARKET_3_087,SUPERMARKET,Everyday Essentials,64,65.12861954480427,194,130
SUPERMARKET_3_808,SUPERMARKET,Star Products,288,144.46715113772746,416,128
HOME_&_GARDEN_1_517,HOME_&_GARDEN,Everyday Essentials,108,86.34277352032571,236,128
SUPERMARKET_3_150,SUPERMARKET,Star Products,75,63.36262356506335,201,126
SUPERMARKET_2_347,SUPERMARKET,Everyday Essentials,118,86.90691231315235,244,126
HOME_&_GARDEN_1_462,HOME_&_GARDEN,Everyday Essentials,59,60.63026084826665,183,124
SUPERMARKET_1_217,SUPERMARKET,Seasonal Spikes,63,63.69420928266889,186,123
HOME_&_GARDEN_2_289,HOME_&_GARDEN,Seasonal Spikes,65,37.113870338470896,187,122
SUPERMARKET_3_572,SUPERMARKET,Everyday Essentials,72,77.01082017758638,194,122
ACCESORIES_1_158,ACCESORIES,Premium Niche,64,35.3854497205852,186,122
SUPERMARKET_1_200,SUPERMARKET,Sporadic Sellers,110,57.25365749062798,230,120
SUPERMARKET_3_389,SUPERMARKET,Star Products,119,105.49134380003798,239,120
SUPERMARKET_3_086,SUPERMARKET,Star Products,154,89.95300748027286,274,120
SUPERMARKET_3_313,SUPERMARKET,Everyday Essentials,267,115.03880448514433,385,118
SUPERMARKET_3_566,SUPERMARKET,Sporadic Sellers,70,54.01592185589716,187,117
SUPERMARKET_3_682,SUPERMARKET,Everyday Essentials,114,73.90607867940206,231,117
HOME_&_GARDEN_1_262,HOME_&_GARDEN,Everyday Essentials,117,76.17624349324015,234,117
ACCESORIES_1_354,ACCESORIES,Premium Niche,67,33.08609284511719,184,117
SUPERMARKET_3_348,SUPERMARKET,Star Products,64,76.47204270119462,180,116
SUPERMARKET_3_511,SUPERMARKET,Seasonal Spikes,172,80.2620257108707,287,115
SUPERMARKET_1_170,SUPERMARKET,Everyday Essentials,80,74.77956912737696,195,115
SUPERMARKET_3_697,SUPERMARKET,Everyday Essentials,53,83.89397415373922,167,114
SUPERMARKET_3_351,SUPERMARKET,Everyday Essentials,53,56.603178441293025,166,113
HOME_&_GARDEN_1_414,HOME_&_GARDEN,Everyday Essentials,122,71.80095674889752,235,113
HOME_&_GARDEN_1_254,HOME_&_GARDEN,Everyday Essentials,54,53.756517658836536,167,113
HOME_&_GARDEN_1_514,HOME_&_GARDEN,Everyday Essentials,187,97.36499686254912,300,113
HOME_&_GARDEN_1_399,HOME_&_GARDEN,Everyday Essentials,57,69.27361238088083,168,111
SUPERMARKET_3_540,SUPERMARKET,Everyday Essentials,74,62.9908228036856,184,110
SUPERMARKET_3_501,SUPERMARKET,Star Products,215,133.71895756124488,325,110
SUPERMARKET_3_689,SUPERMARKET,Seasonal Spikes,139,61.193820412316406,247,108
HOME_&_GARDEN_1_373,HOME_&_GARDEN,Everyday Essentials,59,72.22479906427252,167,108
SUPERMARKET_2_352,SUPERMARKET,Premium Niche,118,49.64929521346156,226,108
HOME_&_GARDEN_1_339,HOME_&_GARDEN,Star Products,115,75.89787298916983,222,107
HOME_&_GARDEN_1_179,HOME_&_GARDEN,Star Products,50,65.25235143783573,156,106
HOME_&_GARDEN_1_494,HOME_&_GARDEN,Everyday Essentials,61,63.57291593655916,167,106
HOME_&_GARDEN_2_371,HOME_&_GARDEN,Everyday Essentials,110,65.24551122294575,215,105
SUPERMARKET_3_503,SUPERMARKET,Everyday Essentials,50,70.9965668858681,154,104
SUPERMARKET_3_134,SUPERMARKET,Seasonal Spikes,51,32.765278573689145,155,104
SUPERMARKET_3_299,SUPERMARKET,Everyday Essentials,103,61.257799433333105,206,103
HOME_&_GARDEN_1_277,HOME_&_GARDEN,Everyday Essentials,74,57.234452016250735,175,101
SUPERMARKET_3_076,SUPERMARKET,Everyday Essentials,51,54.85340103795283,152,101
SUPERMARKET_3_654,SUPERMARKET,Everyday Essentials,63,57.00299554031972,164,101
SUPERMARKET_3_752,SUPERMARKET,Star Products,126,87.58861963797833,227,101
HOME_&_GARDEN_1_536,HOME_&_GARDEN,Sporadic Sellers,49,42.24614201923199,149,100
HOME_&_GARDEN_1_214,HOME_&_GARDEN,Everyday Essentials,116,66.68098377044362,216,100
ACCESORIES_1_015,ACCESORIES,Everyday Essentials,45,62.60694714211782,145,100
SUPERMARKET_3_236,SUPERMARKET,Sporadic Sellers,91,56.257835025695016,190,99
SUPERMARKET_3_580,SUPERMARKET,Star Products,43,49.66920455812577,142,99
SUPERMARKET_3_377,SUPERMARKET,Star Products,63,67.16053595776535,161,98
SUPERMARKET_2_033,SUPERMARKET,Sporadic Sellers,118,46.17716653107143,215,97
SUPERMARKET_2_346,SUPERMARKET,Sporadic Sellers,96,43.2272779240697,193,97
SUPERMARKET_3_804,SUPERMARKET,Star Products,114,97.43870220424895,210,96
ACCESORIES_1_387,ACCESORIES,Sporadic Sellers,48,40.78419690738245,143,95
HOME_&_GARDEN_1_053,HOME_&_GARDEN,Premium Niche,42,55.704078250800826,137,95
SUPERMARKET_3_370,SUPERMARKET,Seasonal Spikes,176,55.48252203385218,270,94
HOME_&_GARDEN_1_506,HOME_&_GARDEN,Everyday Essentials,94,59.936441040477845,188,94
SUPERMARKET_1_173,SUPERMARKET,Everyday Essentials,48,52.43210612114152,139,91
SUPERMARKET_3_525,SUPERMARKET,Sporadic Sellers,152,62.98768452999412,243,91
SUPERMARKET_3_024,SUPERMARKET,Sporadic Sellers,125,45.18759373716051,215,90
ACCESORIES_1_016,ACCESORIES,Everyday Essentials,59,60.248281025210744,149,90
SUPERMARKET_3_080,SUPERMARKET,Star Products,66,88.05857681407238,155,89
SUPERMARKET_3_234,SUPERMARKET,Star Products,122,78.21814001855591,211,89
HOME_&_GARDEN_1_283,HOME_&_GARDEN,Sporadic Sellers,41,36.85607949241528,130,89
SUPERMARKET_3_177,SUPERMARKET,Everyday Essentials,56,37.78949433796654,145,89
HOME_&_GARDEN_1_304,HOME_&_GARDEN,Everyday Essentials,103,70.28699120404073,191,88
SUPERMARKET_2_145,SUPERMARKET,Sporadic Sellers,45,28.9009145841873,133,88
HOME_&_GARDEN_1_186,HOME_&_GARDEN,Everyday Essentials,72,54.79910179390455,160,88
SUPERMARKET_3_811,SUPERMARKET,Star Products,172,93.75436797131252,260,88
SUPERMARKET_2_019,SUPERMARKET,Everyday Essentials,145,72.45154229953829,233,88
SUPERMARKET_3_618,SUPERMARKET,Seasonal Spikes,129,39.581132977609926,216,87
SUPERMARKET_3_039,SUPERMARKET,Everyday Essentials,37,48.52542631945239,123,86
SUPERMARKET_3_603,SUPERMARKET,Sporadic Sellers,43,29.54910205407015,128,85
SUPERMARKET_3_192,SUPERMARKET,Sporadic Sellers,42,32.00900740157964,127,85
SUPERMARKET_3_245,SUPERMARKET,Everyday Essentials,47,42.01099841633694,132,85
ACCESORIES_1_369,ACCESORIES,Sporadic Sellers,50,34.387675507211796,135,85
HOME_&_GARDEN_2_044,HOME_&_GARDEN,Sporadic Sellers,96,43.197531737728895,180,84
HOME_&_GARDEN_1_040,HOME_&_GARDEN,Everyday Essentials,54,51.47265286261942,138,84
SUPERMARKET_3_099,SUPERMARKET,Star Products,62,77.33916518374772,146,84
SUPERMARKET_2_181,SUPERMARKET,Star Products,81,66.14321781401617,163,82
SUPERMARKET_3_455,SUPERMARKET,Star Products,54,43.00428055435939,136,82
HOME_&_GARDEN_1_351,HOME_&_GARDEN,Everyday Essentials,149,78.3217694252712,231,82
SUPERMARKET_1_032,SUPERMARKET,Star Products,108,71.11753692772764,190,82
HOME_&_GARDEN_1_066,HOME_&_GARDEN,Everyday Essentials,90,59.73994091744492,171,81
SUPERMARKET_3_695,SUPERMARKET,Everyday Essentials,45,52.95531092355213,126,81
SUPERMARKET_3_321,SUPERMARKET,Everyday Essentials,36,33.23050575101606,117,81
ACCESORIES_1_090,ACCESORIES,Sporadic Sellers,45,34.24275861208303,125,80
HOME_&_GARDEN_1_004,HOME_&_GARDEN,Everyday Essentials,120,67.49587189738999,200,80
SUPERMARKET_3_661,SUPERMARKET,Sporadic Sellers,112,54.56219217501288,192,80
HOME_&_GARDEN_1_473,HOME_&_GARDEN,Everyday Essentials,41,43.93885228595896,121,80
ACCESORIES_1_233,ACCESORIES,Everyday Essentials,87,69.5385245079411,166,79
HOME_&_GARDEN_1_327,HOME_&_GARDEN,Star Products,42,50.569975028192545,121,79
SUPERMARKET_3_747,SUPERMARKET,Sporadic Sellers,38,31.412740378109586,116,78
HOME_&_GARDEN_1_072,HOME_&_GARDEN,Everyday Essentials,37,50.86995636761802,115,78
SUPERMARKET_3_474,SUPERMARKET,Everyday Essentials,135,67.31288378362036,213,78
SUPERMARKET_2_016,SUPERMARKET,Everyday Essentials,33,40.45193341279397,110,77
SUPERMARKET_3_454,SUPERMARKET,Everyday Essentials,41,34.57089783642538,118,77
SUPERMARKET_1_019,SUPERMARKET,Everyday Essentials,58,49.63348050808483,135,77
SUPERMARKET_3_342,SUPERMARKET,Everyday Essentials,105,64.65867428660084,182,77
SUPERMARKET_3_436,SUPERMARKET,Seasonal Spikes,40,18.974706036298215,117,77
SUPERMARKET_1_055,SUPERMARKET,Everyday Essentials,77,45.53299909307958,154,77
SUPERMARKET_3_219,SUPERMARKET,Everyday Essentials,38,40.872912598402685,114,76
SUPERMARKET_3_020,SUPERMARKET,Everyday Essentials,87,59.13248145708863,163,76
SUPERMARKET_3_547,SUPERMARKET,Star Products,41,40.731552069828034,116,75
SUPERMARKET_2_131,SUPERMARKET,Everyday Essentials,45,40.15695247662998,120,75
SUPERMARKET_2_360,SUPERMARKET,Star Products,169,88.81793833470299,244,75
SUPERMARKET_3_816,SUPERMARKET,Everyday Essentials,106,51.707037228113705,181,75
SUPERMARKET_2_029,SUPERMARKET,Premium Niche,139,54.532735525859515,214,75
SUPERMARKET_3_725,SUPERMARKET,Everyday Essentials,35,39.42939370401024,110,75
SUPERMARKET_3_030,SUPERMARKET,Star Products,111,55.04671177441761,186,75
HOME_&_GARDEN_1_294,HOME_&_GARDEN,Everyday Essentials,33,55.178080387111685,108,75
SUPERMARKET_1_018,SUPERMARKET,Star Products,94,81.78761944595115,169,75
SUPERMARKET_2_368,SUPERMARKET,Everyday Essentials,31,34.17936849425358,105,74
ACCESORIES_1_278,ACCESORIES,Everyday Essentials,120,70.61994327166059,194,74
SUPERMARKET_3_683,SUPERMARKET,Everyday Essentials,57,41.21739214368489,131,74
ACCESORIES_1_370,ACCESORIES,Everyday Essentials,36,45.13375104476964,109,73
HOME_&_GARDEN_1_191,HOME_&_GARDEN,Everyday Essentials,123,69.33169722273473,196,73
SUPERMARKET_3_772,SUPERMARKET,Everyday Essentials,60,41.051157130725414,132,72
HOME_&_GARDEN_1_177,HOME_&_GARDEN,Everyday Essentials,35,45.53251197070709,107,72
HOME_&_GARDEN_1_430,HOME_&_GARDEN,Sporadic Sellers,69,32.646026823910354,141,72
SUPERMARKET_3_638,SUPERMARKET,Everyday Essentials,35,32.66740542155954,105,70
SUPERMARKET_1_037,SUPERMARKET,Sporadic Sellers,41,24.70526189548222,111,70
SUPERMARKET_3_283,SUPERMARKET,Everyday Essentials,56,43.503591845450394,126,70
ACCESORIES_1_019,ACCESORIES,Everyday Essentials,89,49.476036941551946,159,70
SUPERMARKET_3_121,SUPERMARKET,Everyday Essentials,51,41.29511673339019,120,69
SUPERMARKET_3_226,SUPERMARKET,Star Products,37,41.86855913589246,106,69
HOME_&_GARDEN_1_147,HOME_&_GARDEN,Everyday Essentials,41,46.27992517671128,110,69
SUPERMARKET_3_151,SUPERMARKET,Everyday Essentials,38,38.50966558261272,107,69
SUPERMARKET_3_413,SUPERMARKET,Everyday Essentials,61,51.350279470657355,130,69
SUPERMARKET_3_372,SUPERMARKET,Sporadic Sellers,140,57.255786639012335,209,69
SUPERMARKET_3_568,SUPERMARKET,Sporadic Sellers,42,33.166318275118115,111,69
HOME_&_GARDEN_1_521,HOME_&_GARDEN,Star Products,85,64.33994229574878,154,69
HOME_&_GARDEN_1_234,HOME_&_GARDEN,Star Products,38,49.85755154777648,107,69
SUPERMARKET_2_222,SUPERMARKET,Everyday Essentials,50,40.05641135409842,119,69
SUPERMARKET_3_333,SUPERMARKET,Seasonal Spikes,35,22.47372388439076,104,69
SUPERMARKET_3_516,SUPERMARKET,Star Products,136,94.9806644550637,204,68
SUPERMARKET_3_106,SUPERMARKET,Sporadic Sellers,60,35.35134190124185,128,68
SUPERMARKET_2_249,SUPERMARKET,Sporadic Sellers,39,22.730203410396445,107,68
HOME_&_GARDEN_1_160,HOME_&_GARDEN,Premium Niche,40,29.50016253338713,108,68
SUPERMARKET_3_066,SUPERMARKET,Seasonal Spikes,112,52.86701477570181,180,68
SUPERMARKET_3_285,SUPERMARKET,Everyday Essentials,41,37.882850355480016,109,68
SUPERMARKET_3_734,SUPERMARKET,Everyday Essentials,34,47.17515163155139,101,67
HOME_&_GARDEN_1_303,HOME_&_GARDEN,Star Products,140,83.59798687762219,207,67
SUPERMARKET_2_244,SUPERMARKET,Everyday Essentials,149,70.55998919065838,216,67
HOME_&_GARDEN_1_387,HOME_&_GARDEN,Everyday Essentials,31,42.06421262258196,98,67
SUPERMARKET_3_148,SUPERMARKET,Everyday Essentials,74,48.51488275751025,141,67
HOME_&_GARDEN_1_236,HOME_&_GARDEN,Everyday Essentials,29,39.56199831166295,95,66
ACCESORIES_1_209,ACCESORIES,Everyday Essentials,44,41.815446528420445,110,66
SUPERMARKET_3_007,SUPERMARKET,Star Products,72,46.51037091280675,138,66
SUPERMARKET_3_296,SUPERMARKET,Sporadic Sellers,28,9.331933566891111,93,65
SUPERMARKET_3_302,SUPERMARKET,Everyday Essentials,29,31.911232380245355,94,65
SUPERMARKET_2_128,SUPERMARKET,Star Products,39,36.332864903593375,104,65
HOME_&_GARDEN_1_071,HOME_&_GARDEN,Everyday Essentials,95,58.084721469694216,160,65
SUPERMARKET_3_583,SUPERMARKET,Sporadic Sellers,67,29.078556281903587,132,65
SUPERMARKET_3_259,SUPERMARKET,Everyday Essentials,35,40.62631601990748,100,65
HOME_&_GARDEN_1_456,HOME_&_GARDEN,Sporadic Sellers,36,25.289906875170622,100,64
SUPERMARKET_3_491,SUPERMARKET,Star Products,102,69.19981276775006,166,64
HOME_&_GARDEN_1_083,HOME_&_GARDEN,Star Products,38,49.496741094005,102,64
SUPERMARKET_3_147,SUPERMARKET,Seasonal Spikes,139,40.3306954998301,203,64
HOME_&_GARDEN_1_198,HOME_&_GARDEN,Star Products,83,74.52550663413119,147,64
SUPERMARKET_1_067,SUPERMARKET,Everyday Essentials,53,44.92073326584568,117,64
ACCESORIES_1_189,ACCESORIES,Everyday Essentials,80,53.16317190392236,143,63
SUPERMARKET_1_069,SUPERMARKET,Seasonal Spikes,35,27.60852723085144,98,63
SUPERMARKET_1_154,SUPERMARKET,Everyday Essentials,58,44.542215476421745,121,63
SUPERMARKET_3_756,SUPERMARKET,Star Products,132,102.01318837772872,194,62
SUPERMARKET_3_599,SUPERMARKET,Sporadic Sellers,31,23.385045286747633,93,62
HOME_&_GARDEN_1_306,HOME_&_GARDEN,Sporadic Sellers,57,33.959598940549355,119,62
HOME_&_GARDEN_1_130,HOME_&_GARDEN,Everyday Essentials,29,28.61004548120812,91,62
SUPERMARKET_3_652,SUPERMARKET,Everyday Essentials,35,44.66217491369299,96,61
SUPERMARKET_2_059,SUPERMARKET,Everyday Essentials,35,38.026279203374806,96,61
SUPERMARKET_3_108,SUPERMARKET,Everyday Essentials,36,39.08808457894275,97,61
SUPERMARKET_1_113,SUPERMARKET,Everyday Essentials,33,26.099456725952827,94,61
SUPERMARKET_2_276,SUPERMARKET,Star Products,100,62.97699650572378,161,61
SUPERMARKET_1_162,SUPERMARKET,Everyday Essentials,48,36.124069190682555,109,61
SUPERMARKET_1_218,SUPERMARKET,Star Products,96,65.95581799165895,157,61
SUPERMARKET_3_435,SUPERMARKET,Everyday Essentials,38,27.1635669846425,98,60
ACCESORIES_1_261,ACCESORIES,Sporadic Sellers,103,42.21336263535576,163,60
SUPERMARKET_3_827,SUPERMARKET,Sporadic Sellers,65,23.90585942289376,125,60
HOME_&_GARDEN_1_410,HOME_&_GARDEN,Everyday Essentials,65,41.61108577161539,125,60
ACCESORIES_1_048,ACCESORIES,Everyday Essentials,135,71.59137325035825,195,60
HOME_&_GARDEN_1_156,HOME_&_GARDEN,Sporadic Sellers,28,18.761679664155235,88,60
ACCESORIES_1_067,ACCESORIES,Everyday Essentials,32,35.395500647753,92,60
HOME_&_GARDEN_1_222,HOME_&_GARDEN,Premium Niche,104,49.101351318466136,163,59
SUPERMARKET_2_293,SUPERMARKET,Everyday Essentials,34,38.43444996525658,93,59
SUPERMARKET_3_292,SUPERMARKET,Sporadic Sellers,100,46.82031117366398,159,59
SUPERMARKET_3_125,SUPERMARKET,Sporadic Sellers,36,16.227157289895384,95,59
SUPERMARKET_1_099,SUPERMARKET,Everyday Essentials,120,60.4282650502097,179,59
SUPERMARKET_3_573,SUPERMARKET,Sporadic Sellers,100,45.91526771781229,159,59
SUPERMARKET_3_514,SUPERMARKET,Sporadic Sellers,27,18.140995420954955,86,59
SUPERMARKET_2_201,SUPERMARKET,Sporadic Sellers,39,23.706806961102373,97,58
ACCESORIES_1_103,ACCESORIES,Everyday Essentials,57,52.37864985573687,115,58
ACCESORIES_1_043,ACCESORIES,Everyday Essentials,61,50.247272995527624,119,58
HOME_&_GARDEN_1_093,HOME_&_GARDEN,Everyday Essentials,29,27.31262882774691,87,58
SUPERMARKET_3_167,SUPERMARKET,Sporadic Sellers,34,25.06338818576542,92,58
SUPERMARKET_3_238,SUPERMARKET,Everyday Essentials,27,32.8393157309131,84,57
ACCESORIES_1_008,ACCESORIES,Everyday Essentials,82,53.63008595564571,139,57
SUPERMARKET_2_349,SUPERMARKET,Everyday Essentials,24,31.55206465124836,81,57
SUPERMARKET_3_231,SUPERMARKET,Everyday Essentials,25,32.95192803393911,82,57
SUPERMARKET_3_393,SUPERMARKET,Everyday Essentials,90,50.94700267312841,147,57
ACCESORIES_1_371,ACCESORIES,Star Products,37,41.00977831161826,93,56
SUPERMARKET_2_325,SUPERMARKET,Everyday Essentials,53,43.82795998693767,109,56
SUPERMARKET_1_215,SUPERMARKET,Everyday Essentials,78,39.05099917808179,134,56
HOME_&_GARDEN_1_338,HOME_&_GARDEN,Everyday Essentials,72,39.590703198387544,128,56
HOME_&_GARDEN_1_434,HOME_&_GARDEN,Everyday Essentials,28,34.76720667155596,84,56
HOME_&_GARDEN_1_257,HOME_&_GARDEN,Sporadic Sellers,44,27.400944664930165,100,56
SUPERMARKET_2_115,SUPERMARKET,Sporadic Sellers,48,25.160514546515536,103,55
HOME_&_GARDEN_1_541,HOME_&_GARDEN,Everyday Essentials,31,34.1620367692558,86,55
SUPERMARKET_3_519,SUPERMARKET,Sporadic Sellers,41,26.41126546684707,96,55
SUPERMARKET_2_075,SUPERMARKET,Everyday Essentials,71,44.97458944455625,126,55
HOME_&_GARDEN_1_505,HOME_&_GARDEN,Everyday Essentials,33,38.27269990383848,88,55
HOME_&_GARDEN_1_453,HOME_&_GARDEN,Everyday Essentials,64,40.573388180182725,118,54
SUPERMARKET_3_757,SUPERMARKET,Sporadic Sellers,39,26.77807068754949,93,54
SUPERMARKET_3_462,SUPERMARKET,Star Products,90,57.11209093013272,144,54
SUPERMARKET_3_592,SUPERMARKET,Everyday Essentials,29,31.866315031704794,83,54
SUPERMARKET_3_386,SUPERMARKET,Everyday Essentials,28,26.527933262486137,82,54
SUPERMARKET_3_412,SUPERMARKET,Star Products,91,48.46851973876759,145,54
SUPERMARKET_3_107,SUPERMARKET,Everyday Essentials,109,58.61342852602943,163,54
HOME_&_GARDEN_1_348,HOME_&_GARDEN,Everyday Essentials,50,37.570532917954935,103,53
SUPERMARKET_2_021,SUPERMARKET,Star Products,48,33.38343331633079,101,53
SUPERMARKET_3_322,SUPERMARKET,Sporadic Sellers,92,40.07284343773557,145,53
SUPERMARKET_3_800,SUPERMARKET,Everyday Essentials,23,22.365421007772333,76,53
SUPERMARKET_3_768,SUPERMARKET,Sporadic Sellers,81,34.19736847530557,134,53
SUPERMARKET_3_363,SUPERMARKET,Everyday Essentials,31,38.98859208679118,83,52
ACCESORIES_1_295,ACCESORIES,Everyday Essentials,58,45.32836817356339,110,52
SUPERMARKET_3_769,SUPERMARKET,Everyday Essentials,45,26.444794266248337,97,52
ACCESORIES_1_030,ACCESORIES,Everyday Essentials,52,34.62694009536502,104,52
SUPERMARKET_3_574,SUPERMARKET,Everyday Essentials,54,40.22684783037028,106,52
HOME_&_GARDEN_1_227,HOME_&_GARDEN,Sporadic Sellers,54,22.56116221647071,106,52
HOME_&_GARDEN_1_443,HOME_&_GARDEN,Everyday Essentials,57,42.591656125243325,109,52
SUPERMARKET_1_088,SUPERMARKET,Everyday Essentials,22,25.056389318178727,74,52
SUPERMARKET_3_133,SUPERMARKET,Everyday Essentials,101,63.99299517750213,152,51
SUPERMARKET_2_380,SUPERMARKET,Everyday Essentials,35,30.916793580077172,86,51
HOME_&_GARDEN_1_045,HOME_&_GARDEN,Everyday Essentials,22,32.01463002354552,73,51
ACCESORIES_1_417,ACCESORIES,Everyday Essentials,23,27.849743296652537,74,51
HOME_&_GARDEN_1_245,HOME_&_GARDEN,Sporadic Sellers,25,17.19096099122575,75,50
SUPERMARKET_1_139,SUPERMARKET,Everyday Essentials,36,33.47751615757243,86,50
SUPERMARKET_1_137,SUPERMARKET,Everyday Essentials,58,39.03168395148533,108,50
HOME_&_GARDEN_1_131,HOME_&_GARDEN,Sporadic Sellers,28,16.316255174998915,78,50
SUPERMARKET_3_598,SUPERMARKET,Everyday Essentials,59,43.621186520054565,109,50
ACCESORIES_1_353,ACCESORIES,Sporadic Sellers,63,32.10962858140754,113,50
SUPERMARKET_3_227,SUPERMARKET,Everyday Essentials,31,30.93017054968975,81,50
ACCESORIES_1_244,ACCESORIES,Everyday Essentials,22,29.06678878517067,72,50
SUPERMARKET_3_797,SUPERMARKET,Everyday Essentials,42,29.317256455565516,92,50
SUPERMARKET_2_342,SUPERMARKET,Everyday Essentials,38,35.41635968758929,88,50
SUPERMARKET_3_532,SUPERMARKET,Sporadic Sellers,33,24.561138203418288,82,49
HOME_&_GARDEN_1_256,HOME_&_GARDEN,Everyday Essentials,28,28.618168617643313,77,49
HOME_&_GARDEN_1_455,HOME_&_GARDEN,Sporadic Sellers,30,19.395073097514206,79,49
SUPERMARKET_3_468,SUPERMARKET,Everyday Essentials,26,28.563633719065933,75,49
SUPERMARKET_3_449,SUPERMARKET,Everyday Essentials,61,52.57484628694689,110,49
SUPERMARKET_1_085,SUPERMARKET,Star Products,46,46.63535920245552,95,49
SUPERMARKET_3_376,SUPERMARKET,Star Products,75,47.83631171261079,124,49
HOME_&_GARDEN_2_062,HOME_&_GARDEN,Sporadic Sellers,61,18.04521286388748,109,48
SUPERMARKET_3_166,SUPERMARKET,Sporadic Sellers,26,14.37517649874642,74,48
HOME_&_GARDEN_1_437,HOME_&_GARDEN,Everyday Essentials,23,24.461022777766587,71,48
SUPERMARKET_2_315,SUPERMARKET,Everyday Essentials,37,36.55837014948505,85,48
SUPERMARKET_3_460,SUPERMARKET,Everyday Essentials,21,27.93005948588764,69,48
SUPERMARKET_3_562,SUPERMARKET,Everyday Essentials,21,31.51174759000886,69,48
SUPERMARKET_3_070,SUPERMARKET,Everyday Essentials,86,35.56104236383774,134,48
SUPERMARKET_3_482,SUPERMARKET,Sporadic Sellers,37,21.930153966408444,85,48
SUPERMARKET_2_384,SUPERMARKET,Everyday Essentials,38,31.71777951724316,85,47
SUPERMARKET_3_037,SUPERMARKET,Everyday Essentials,47,30.74565215302992,94,47
HOME_&_GARDEN_1_439,HOME_&_GARDEN,Everyday Essentials,31,31.78554220653564,78,47
SUPERMARKET_3_755,SUPERMARKET,Everyday Essentials,59,35.920881657597924,106,47
HOME_&_GARDEN_1_310,HOME_&_GARDEN,Everyday Essentials,53,39.760109615351006,100,47
HOME_&_GARDEN_1_132,HOME_&_GARDEN,Everyday Essentials,21,28.076736153105124,68,47
SUPERMARKET_3_446,SUPERMARKET,Everyday Essentials,41,34.98143761392284,88,47
HOME_&_GARDEN_2_477,HOME_&_GARDEN,Seasonal Spikes,22,15.165693450688574,69,47
HOME_&_GARDEN_1_029,HOME_&_GARDEN,Sporadic Sellers,67,25.403890291515825,114,47
HOME_&_GARDEN_1_416,HOME_&_GARDEN,Everyday Essentials,45,32.6363642348166,92,47
SUPERMARKET_3_782,SUPERMARKET,Everyday Essentials,35,36.619237380037575,81,46
SUPERMARKET_3_476,SUPERMARKET,Everyday Essentials,24,27.601780162385975,69,45
ACCESORIES_1_268,ACCESORIES,Everyday Essentials,44,35.02035703669924,89,45
SUPERMARKET_3_651,SUPERMARKET,Everyday Essentials,55,38.42091130167735,100,45
HOME_&_GARDEN_1_017,HOME_&_GARDEN,Everyday Essentials,20,20.611970257762906,64,44
SUPERMARKET_3_502,SUPERMARKET,Sporadic Sellers,25,20.57587001917085,69,44
HOME_&_GARDEN_1_218,HOME_&_GARDEN,Everyday Essentials,42,29.14428928686304,86,44
HOME_&_GARDEN_1_382,HOME_&_GARDEN,Sporadic Sellers,19,15.022889999110106,63,44
SUPERMARKET_3_404,SUPERMARKET,Star Products,84,45.99962589574675,128,44
SUPERMARKET_3_692,SUPERMARKET,Everyday Essentials,35,31.195706573414785,79,44
HOME_&_GARDEN_1_319,HOME_&_GARDEN,Everyday Essentials,23,31.456663387376597,67,44
SUPERMARKET_3_041,SUPERMARKET,Everyday Essentials,27,26.484436724222096,71,44
HOME_&_GARDEN_1_307,HOME_&_GARDEN,Sporadic Sellers,40,23.13956408372521,84,44
SUPERMARKET_3_702,SUPERMARKET,Star Products,91,50.44196701106071,134,43
SUPERMARKET_3_807,SUPERMARKET,Everyday Essentials,27,34.97335420657474,70,43
HOME_&_GARDEN_1_050,HOME_&_GARDEN,Sporadic Sellers,68,31.98498506176351,111,43
ACCESORIES_1_014,ACCESORIES,Everyday Essentials,31,30.447912802686808,74,43
SUPERMARKET_1_204,SUPERMARKET,Everyday Essentials,24,16.196088127173066,67,43
SUPERMARKET_3_261,SUPERMARKET,Everyday Essentials,27,22.205390988570713,70,43
HOME_&_GARDEN_1_204,HOME_&_GARDEN,Everyday Essentials,56,30.633251178185848,99,43
SUPERMARKET_3_279,SUPERMARKET,Everyday Essentials,47,28.828761839748392,90,43
SUPERMARKET_2_212,SUPERMARKET,Everyday Essentials,27,21.11411337319676,69,42
HOME_&_GARDEN_1_431,HOME_&_GARDEN,Sporadic Sellers,17,14.009576591932827,59,42
SUPERMARKET_2_294,SUPERMARKET,Everyday Essentials,21,25.500095212087786,63,42
ACCESORIES_1_211,ACCESORIES,Sporadic Sellers,58,24.41710795363848,100,42
HOME_&_GARDEN_1_386,HOME_&_GARDEN,Everyday Essentials,30,22.69277453024171,72,42
SUPERMARKET_2_398,SUPERMARKET,Sporadic Sellers,21,14.990349296817616,63,42
SUPERMARKET_2_035,SUPERMARKET,Sporadic Sellers,61,27.428582171027436,103,42
HOME_&_GARDEN_1_524,HOME_&_GARDEN,Sporadic Sellers,32,20.20850751419837,74,42
HOME_&_GARDEN_1_119,HOME_&_GARDEN,Everyday Essentials,29,23.32177917686711,71,42
SUPERMARKET_3_700,SUPERMARKET,Seasonal Spikes,23,18.680370083504663,65,42
HOME_&_GARDEN_1_527,HOME_&_GARDEN,Sporadic Sellers,41,21.67142801770391,83,42
ACCESORIES_1_155,ACCESORIES,Premium Niche,35,21.73149652047129,77,42
SUPERMARKET_3_249,SUPERMARKET,Sporadic Sellers,21,18.363163157806056,63,42
SUPERMARKET_2_013,SUPERMARKET,Everyday Essentials,19,22.88296753640892,60,41
HOME_&_GARDEN_2_490,HOME_&_GARDEN,Sporadic Sellers,28,17.053804889538895,69,41
HOME_&_GARDEN_1_145,HOME_&_GARDEN,Everyday Essentials,21,18.991227410356593,62,41
SUPERMARKET_1_036,SUPERMARKET,Everyday Essentials,19,24.262247577521677,60,41
SUPERMARKET_3_124,SUPERMARKET,Everyday Essentials,28,27.41201989755374,69,41
HOME_&_GARDEN_1_421,HOME_&_GARDEN,Sporadic Sellers,25,20.011844033320553,66,41
SUPERMARKET_3_317,SUPERMARKET,Everyday Essentials,25,22.49712128819105,66,41
SUPERMARKET_3_469,SUPERMARKET,Everyday Essentials,57,47.31629645507024,98,41
SUPERMARKET_3_685,SUPERMARKET,Everyday Essentials,22,21.148213692215997,62,40
SUPERMARKET_3_339,SUPERMARKET,Everyday Essentials,87,49.51084721840415,127,40
SUPERMARKET_3_176,SUPERMARKET,Everyday Essentials,34,21.612493117743035,74,40
SUPERMARKET_3_422,SUPERMARKET,Everyday Essentials,25,18.13374281906035,65,40
SUPERMARKET_3_487,SUPERMARKET,Sporadic Sellers,34,20.938242006131176,74,40
HOME_&_GARDEN_1_213,HOME_&_GARDEN,Sporadic Sellers,48,20.589793883544324,88,40
SUPERMARKET_3_636,SUPERMARKET,Sporadic Sellers,86,33.717505786202594,126,40
HOME_&_GARDEN_2_463,HOME_&_GARDEN,Sporadic Sellers,27,11.581450173585091,67,40
ACCESORIES_1_115,ACCESORIES,Sporadic Sellers,23,17.175072341168114,63,40
HOME_&_GARDEN_1_284,HOME_&_GARDEN,Sporadic Sellers,28,17.914891999970642,68,40
SUPERMARKET_3_515,SUPERMARKET,Sporadic Sellers,33,20.67589269171966,73,40
HOME_&_GARDEN_1_408,HOME_&_GARDEN,Everyday Essentials,23,21.101556827422865,63,40
HOME_&_GARDEN_1_516,HOME_&_GARDEN,Everyday Essentials,18,26.24214029608046,58,40
SUPERMARKET_3_743,SUPERMARKET,Sporadic Sellers,28,12.351391749354743,68,40
HOME_&_GARDEN_1_385,HOME_&_GARDEN,Sporadic Sellers,61,29.767712268640427,101,40
ACCESORIES_1_004,ACCESORIES,Everyday Essentials,66,41.95540113743905,106,40
SUPERMARKET_3_093,SUPERMARKET,Sporadic Sellers,28,18.044791676810064,67,39
SUPERMARKET_2_306,SUPERMARKET,Everyday Essentials,39,23.548715689944885,78,39
HOME_&_GARDEN_1_440,HOME_&_GARDEN,Premium Niche,30,28.133815677478033,69,39
HOME_&_GARDEN_2_115,HOME_&_GARDEN,Everyday Essentials,19,21.120148379507594,58,39
SUPERMARKET_2_086,SUPERMARKET,Everyday Essentials,47,34.197946970826315,86,39
SUPERMARKET_3_064,SUPERMARKET,Everyday Essentials,60,29.835655488867538,99,39
SUPERMARKET_3_526,SUPERMARKET,Everyday Essentials,31,31.05394883699954,70,39
SUPERMARKET_1_087,SUPERMARKET,Everyday Essentials,48,34.94745510331553,87,39
HOME_&_GARDEN_1_164,HOME_&_GARDEN,Sporadic Sellers,18,15.82459982593166,57,39
SUPERMARKET_2_285,SUPERMARKET,Everyday Essentials,21,19.204423154870923,60,39
SUPERMARKET_3_097,SUPERMARKET,Everyday Essentials,31,27.432138855181925,70,39
SUPERMARKET_3_344,SUPERMARKET,Sporadic Sellers,33,19.014967401296005,72,39
SUPERMARKET_1_013,SUPERMARKET,Everyday Essentials,42,29.101271645771423,81,39
SUPERMARKET_2_199,SUPERMARKET,Everyday Essentials,46,34.89994228808654,85,39
SUPERMARKET_2_371,SUPERMARKET,Everyday Essentials,72,46.270642915171734,110,38
SUPERMARKET_3_131,SUPERMARKET,Everyday Essentials,48,35.76706805933004,86,38
SUPERMARKET_3_676,SUPERMARKET,Everyday Essentials,50,29.927696491335244,88,38
HOME_&_GARDEN_1_018,HOME_&_GARDEN,Premium Niche,30,21.997374665233437,68,38
HOME_&_GARDEN_1_027,HOME_&_GARDEN,Everyday Essentials,18,25.96893061722452,56,38
SUPERMARKET_3_801,SUPERMARKET,Everyday Essentials,27,23.538782144998912,65,38
SUPERMARKET_3_795,SUPERMARKET,Everyday Essentials,80,38.04078748527033,118,38
SUPERMARKET_3_561,SUPERMARKET,Everyday Essentials,71,37.09499525973008,109,38
SUPERMARKET_3_136,SUPERMARKET,Everyday Essentials,37,34.96011597129054,75,38
SUPERMARKET_3_595,SUPERMARKET,Sporadic Sellers,26,14.870402168450717,64,38
HOME_&_GARDEN_1_212,HOME_&_GARDEN,Everyday Essentials,20,21.40742777217855,58,38
SUPERMARKET_3_793,SUPERMARKET,Everyday Essentials,26,29.935174460182044,64,38
HOME_&_GARDEN_1_513,HOME_&_GARDEN,Premium Niche,27,19.975754677094535,65,38
SUPERMARKET_3_481,SUPERMARKET,Everyday Essentials,18,19.846333625602895,56,38
SUPERMARKET_3_032,SUPERMARKET,Everyday Essentials,27,21.804628364686323,65,38
SUPERMARKET_3_172,SUPERMARKET,Sporadic Sellers,36,15.718818823586153,74,38
SUPERMARKET_3_265,SUPERMARKET,Everyday Essentials,31,28.63590903046623,68,37
HOME_&_GARDEN_2_499,HOME_&_GARDEN,Sporadic Sellers,39,12.601483875263815,76,37
SUPERMARKET_1_027,SUPERMARKET,Everyday Essentials,22,17.93875511168153,59,37
SUPERMARKET_3_813,SUPERMARKET,Sporadic Sellers,25,13.918863399749856,62,37
SUPERMARKET_3_258,SUPERMARKET,Everyday Essentials,27,28.38771928037115,64,37
HOME_&_GARDEN_1_203,HOME_&_GARDEN,Everyday Essentials,16,18.189187185627674,53,37
SUPERMARKET_3_590,SUPERMARKET,Sporadic Sellers,19,16.490722697052863,56,37
SUPERMARKET_1_138,SUPERMARKET,Seasonal Spikes,16,15.17154613172418,53,37
SUPERMARKET_1_161,SUPERMARKET,Everyday Essentials,80,49.987687118692925,117,37
SUPERMARKET_3_391,SUPERMARKET,Sporadic Sellers,22,15.026351887111234,59,37
SUPERMARKET_3_305,SUPERMARKET,Everyday Essentials,24,26.67679839049504,61,37
HOME_&_GARDEN_1_343,HOME_&_GARDEN,Everyday Essentials,17,20.60897801564569,54,37
HOME_&_GARDEN_1_112,HOME_&_GARDEN,Everyday Essentials,18,23.054943221104928,55,37
HOME_&_GARDEN_1_090,HOME_&_GARDEN,Everyday Essentials,23,20.237295918395297,60,37
HOME_&_GARDEN_1_489,HOME_&_GARDEN,Sporadic Sellers,51,17.41323505537361,88,37
SUPERMARKET_2_101,SUPERMARKET,Everyday Essentials,34,24.05167912172234,71,37
SUPERMARKET_2_206,SUPERMARKET,Premium Niche,26,14.149840308923071,63,37
SUPERMARKET_3_459,SUPERMARKET,Everyday Essentials,31,22.525936944482545,68,37
SUPERMARKET_3_440,SUPERMARKET,Sporadic Sellers,24,14.028900123593878,61,37
SUPERMARKET_2_183,SUPERMARKET,Everyday Essentials,40,30.421407944840404,77,37
SUPERMARKET_3_735,SUPERMARKET,Sporadic Sellers,46,16.425015003509706,83,37
SUPERMARKET_1_104,SUPERMARKET,Everyday Essentials,76,36.14470543564807,113,37
SUPERMARKET_3_669,SUPERMARKET,Sporadic Sellers,39,16.617751770447395,76,37
HOME_&_GARDEN_2_344,HOME_&_GARDEN,Seasonal Spikes,38,16.208512233018457,75,37
ACCESORIES_1_241,ACCESORIES,Premium Niche,29,14.764943453912954,65,36
ACCESORIES_1_312,ACCESORIES,Everyday Essentials,24,23.95533575096521,60,36
HOME_&_GARDEN_1_272,HOME_&_GARDEN,Everyday Essentials,25,22.4927886924574,61,36
ACCESORIES_1_134,ACCESORIES,Everyday Essentials,22,25.298871950388197,58,36
SUPERMARKET_2_024,SUPERMARKET,Everyday Essentials,29,25.198717724937,65,36
SUPERMARKET_3_355,SUPERMARKET,Everyday Essentials,27,22.164368812049545,63,36
SUPERMARKET_3_300,SUPERMARKET,Everyday Essentials,23,26.987441439613914,59,36
SUPERMARKET_3_433,SUPERMARKET,Everyday Essentials,21,21.11350295313018,57,36
SUPERMARKET_3_668,SUPERMARKET,Star Products,55,45.9446528778432,91,36
SUPERMARKET_2_399,SUPERMARKET,Everyday Essentials,16,19.210261543909617,52,36
SUPERMARKET_2_140,SUPERMARKET,Seasonal Spikes,43,14.105105043145995,79,36
SUPERMARKET_2_215,SUPERMARKET,Seasonal Spikes,21,11.490832403517574,57,36
SUPERMARKET_2_204,SUPERMARKET,Everyday Essentials,50,36.12913957126011,86,36
SUPERMARKET_1_072,SUPERMARKET,Sporadic Sellers,16,14.318544739368374,51,35
HOME_&_GARDEN_1_285,HOME_&_GARDEN,Everyday Essentials,22,22.95056350511565,57,35
HOME_&_GARDEN_1_140,HOME_&_GARDEN,Premium Niche,28,24.754488900808283,63,35
SUPERMARKET_1_196,SUPERMARKET,Everyday Essentials,46,28.759596889956597,81,35
SUPERMARKET_3_546,SUPERMARKET,Everyday Essentials,33,26.84666091070659,68,35
SUPERMARKET_3_809,SUPERMARKET,Everyday Essentials,27,21.966842431111747,62,35
SUPERMARKET_3_545,SUPERMARKET,Sporadic Sellers,18,14.658221395731845,53,35
SUPERMARKET_3_116,SUPERMARKET,Everyday Essentials,22,21.083760243138613,57,35
SUPERMARKET_2_152,SUPERMARKET,Everyday Essentials,39,32.14441216141911,74,35
ACCESORIES_1_147,ACCESORIES,Premium Niche,75,39.76016814280822,110,35
SUPERMARKET_3_277,SUPERMARKET,Sporadic Sellers,40,20.048967556051032,75,35
SUPERMARKET_1_166,SUPERMARKET,Everyday Essentials,16,20.153243876121728,51,35
HOME_&_GARDEN_2_110,HOME_&_GARDEN,Sporadic Sellers,30,16.451944265455197,65,35
HOME_&_GARDEN_1_205,HOME_&_GARDEN,Everyday Essentials,52,26.74786539953363,87,35
HOME_&_GARDEN_1_318,HOME_&_GARDEN,Everyday Essentials,56,35.89421494596206,91,35
HOME_&_GARDEN_1_329,HOME_&_GARDEN,Everyday Essentials,17,17.590795337593438,52,35
HOME_&_GARDEN_1_361,HOME_&_GARDEN,Everyday Essentials,48,29.953532941525317,83,35
HOME_&_GARDEN_1_249,HOME_&_GARDEN,Premium Niche,44,23.194882627739364,79,35
HOME_&_GARDEN_1_369,HOME_&_GARDEN,Everyday Essentials,15,19.495864736094756,50,35
HOME_&_GARDEN_1_244,HOME_&_GARDEN,Sporadic Sellers,17,13.490753700624165,52,35
SUPERMARKET_3_477,SUPERMARKET,Everyday Essentials,28,32.21556616339918,63,35
SUPERMARKET_3_228,SUPERMARKET,Star Products,47,42.19258015601432,82,35
SUPERMARKET_2_082,SUPERMARKET,Everyday Essentials,23,23.765797012747207,58,35
SUPERMARKET_3_634,SUPERMARKET,Everyday Essentials,32,30.621818440844784,67,35
SUPERMARKET_2_054,SUPERMARKET,Everyday Essentials,17,18.0596660422968,52,35
SUPERMARKET_3_818,SUPERMARKET,Everyday Essentials,58,36.49762208835675,93,35
HOME_&_GARDEN_1_540,HOME_&_GARDEN,Everyday Essentials,61,35.335692265055826,95,34
SUPERMARKET_3_534,SUPERMARKET,Everyday Essentials,44,30.57557798421484,78,34
SUPERMARKET_2_334,SUPERMARKET,Premium Niche,59,21.715800289385047,93,34
SUPERMARKET_3_306,SUPERMARKET,Everyday Essentials,18,16.112761519693358,52,34
SUPERMARKET_3_505,SUPERMARKET,Everyday Essentials,46,30.75528299331431,80,34
HOME_&_GARDEN_2_294,HOME_&_GARDEN,Everyday Essentials,46,25.289571803750576,80,34
SUPERMARKET_3_439,SUPERMARKET,Everyday Essentials,70,32.5211259676858,104,34
HOME_&_GARDEN_1_344,HOME_&_GARDEN,Everyday Essentials,28,23.41726761489473,62,34
HOME_&_GARDEN_1_498,HOME_&_GARDEN,Everyday Essentials,30,29.683697232452204,64,34
SUPERMARKET_2_381,SUPERMARKET,Everyday Essentials,25,25.421153711235583,59,34
ACCESORIES_1_252,ACCESORIES,Sporadic Sellers,23,12.7120190092457,57,34
SUPERMARKET_1_106,SUPERMARKET,Everyday Essentials,26,23.34792043399603,60,34
ACCESORIES_1_064,ACCESORIES,Premium Niche,26,25.46940369457368,60,34
HOME_&_GARDEN_2_389,HOME_&_GARDEN,Sporadic Sellers,52,16.506120873300674,86,34
SUPERMARKET_1_031,SUPERMARKET,Everyday Essentials,29,22.6409680766885,63,34
SUPERMARKET_3_609,SUPERMARKET,Sporadic Sellers,38,21.486539767406484,72,34
SUPERMARKET_3_127,SUPERMARKET,Everyday Essentials,34,32.12789959795759,68,34
SUPERMARKET_3_059,SUPERMARKET,Sporadic Sellers,48,22.498760265378255,82,34
ACCESORIES_1_131,ACCESORIES,Sporadic Sellers,16,13.649605924328284,50,34
HOME_&_GARDEN_1_324,HOME_&_GARDEN,Everyday Essentials,24,24.17937964628498,58,34
SUPERMARKET_3_101,SUPERMARKET,Everyday Essentials,62,38.61438107257917,96,34
HOME_&_GARDEN_1_370,HOME_&_GARDEN,Everyday Essentials,24,26.380336871855015,57,33
ACCESORIES_1_056,ACCESORIES,Everyday Essentials,27,18.802798461881483,60,33
SUPERMARKET_3_126,SUPERMARKET,Everyday Essentials,19,21.32927514991197,52,33
SUPERMARKET_3_140,SUPERMARKET,Everyday Essentials,42,28.267614514816714,75,33
SUPERMARKET_3_034,SUPERMARKET,Everyday Essentials,15,15.161559305730554,48,33
SUPERMARKET_3_230,SUPERMARKET,Everyday Essentials,52,38.24726458294301,85,33
HOME_&_GARDEN_1_342,HOME_&_GARDEN,Premium Niche,24,15.481598665340057,57,33
SUPERMARKET_1_083,SUPERMARKET,Everyday Essentials,30,23.951466475392635,63,33
SUPERMARKET_3_709,SUPERMARKET,Sporadic Sellers,25,16.191010725154868,58,33
SUPERMARKET_3_570,SUPERMARKET,Everyday Essentials,65,40.84995635065991,98,33
SUPERMARKET_3_112,SUPERMARKET,Everyday Essentials,35,22.19622643835689,68,33
SUPERMARKET_2_388,SUPERMARKET,Everyday Essentials,25,24.868737514411873,58,33
HOME_&_GARDEN_1_026,HOME_&_GARDEN,Sporadic Sellers,40,20.261062219545085,73,33
ACCESORIES_1_098,ACCESORIES,Premium Niche,14,15.65940890855606,47,33
SUPERMARKET_3_016,SUPERMARKET,Sporadic Sellers,18,11.029930076047703,51,33
HOME_&_GARDEN_1_062,HOME_&_GARDEN,Everyday Essentials,38,23.618418090139265,71,33
HOME_&_GARDEN_1_048,HOME_&_GARDEN,Everyday Essentials,19,24.495516664379203,52,33
SUPERMARKET_3_473,SUPERMARKET,Everyday Essentials,44,40.12949644733234,77,33
SUPERMARKET_2_074,SUPERMARKET,Everyday Essentials,22,18.18813236196323,54,32
SUPERMARKET_2_079,SUPERMARKET,Everyday Essentials,19,18.74308947387936,51,32
HOME_&_GARDEN_1_225,HOME_&_GARDEN,Everyday Essentials,27,22.421653491106433,59,32
SUPERMARKET_3_767,SUPERMARKET,Everyday Essentials,23,18.404104959644503,55,32
HOME_&_GARDEN_1_534,HOME_&_GARDEN,Sporadic Sellers,17,9.562597553300296,49,32
SUPERMARKET_3_688,SUPERMARKET,Everyday Essentials,65,34.91094013350502,97,32
SUPERMARKET_2_110,SUPERMARKET,Sporadic Sellers,26,13.871185749863423,58,32
HOME_&_GARDEN_1_497,HOME_&_GARDEN,Premium Niche,49,24.47461072386913,81,32
HOME_&_GARDEN_1_016,HOME_&_GARDEN,Everyday Essentials,15,18.25868212969532,47,32
SUPERMARKET_3_640,SUPERMARKET,Sporadic Sellers,28,14.101023105888109,60,32
SUPERMARKET_2_289,SUPERMARKET,Everyday Essentials,32,21.989607010180947,64,32
SUPERMARKET_3_706,SUPERMARKET,Sporadic Sellers,41,21.314060245107022,73,32
HOME_&_GARDEN_2_348,HOME_&_GARDEN,Everyday Essentials,24,22.120660684901267,56,32
SUPERMARKET_1_219,SUPERMARKET,Everyday Essentials,40,28.93239946572897,72,32
SUPERMARKET_3_731,SUPERMARKET,Everyday Essentials,52,27.287345441975624,84,32
SUPERMARKET_3_617,SUPERMARKET,Everyday Essentials,28,24.388468873546373,60,32
SUPERMARKET_2_364,SUPERMARKET,Everyday Essentials,39,19.093350516578504,71,32
HOME_&_GARDEN_2_350,HOME_&_GARDEN,Everyday Essentials,25,16.64634486860187,57,32
SUPERMARKET_2_387,SUPERMARKET,Premium Niche,22,10.809708529169464,54,32
SUPERMARKET_3_304,SUPERMARKET,Everyday Essentials,19,25.142799978926178,51,32
SUPERMARKET_3_664,SUPERMARKET,Everyday Essentials,13,13.336801072722556,45,32
SUPERMARKET_3_320,SUPERMARKET,Everyday Essentials,20,16.60640995773152,51,31
SUPERMARKET_3_588,SUPERMARKET,Sporadic Sellers,26,17.806180166251135,57,31
HOME_&_GARDEN_1_247,HOME_&_GARDEN,Everyday Essentials,13,23.02171389905273,44,31
ACCESORIES_1_256,ACCESORIES,Everyday Essentials,68,40.176751769514624,99,31
ACCESORIES_2_075,ACCESORIES,Everyday Essentials,17,16.63973195624401,48,31
HOME_&_GARDEN_1_003,HOME_&_GARDEN,Premium Niche,13,13.338077646636236,44,31
SUPERMARKET_3_565,SUPERMARKET,Everyday Essentials,16,21.222691600389545,47,31
SUPERMARKET_1_150,SUPERMARKET,Everyday Essentials,43,25.009195427355436,74,31
HOME_&_GARDEN_2_167,HOME_&_GARDEN,Sporadic Sellers,19,10.407685708810613,50,31
HOME_&_GARDEN_1_413,HOME_&_GARDEN,Premium Niche,28,22.23757331041594,59,31
SUPERMARKET_3_628,SUPERMARKET,Everyday Essentials,32,30.970564329959895,63,31
SUPERMARKET_2_184,SUPERMARKET,Everyday Essentials,16,16.62108657234063,47,31
SUPERMARKET_3_423,SUPERMARKET,Everyday Essentials,19,18.86188094268113,50,31
SUPERMARKET_3_621,SUPERMARKET,Sporadic Sellers,56,20.11433780265192,87,31
SUPERMARKET_3_387,SUPERMARKET,Sporadic Sellers,14,13.45492935463715,45,31
HOME_&_GARDEN_1_384,HOME_&_GARDEN,Sporadic Sellers,15,12.317084502366832,46,31
SUPERMARKET_2_309,SUPERMARKET,Everyday Essentials,17,16.769045524127854,48,31
SUPERMARKET_3_414,SUPERMARKET,Everyday Essentials,21,15.576377907171878,52,31
SUPERMARKET_3_278,SUPERMARKET,Sporadic Sellers,26,11.217720398581676,57,31
SUPERMARKET_1_071,SUPERMARKET,Sporadic Sellers,13,12.51915979240371,44,31
SUPERMARKET_3_142,SUPERMARKET,Everyday Essentials,54,22.548560228943806,85,31
SUPERMARKET_3_369,SUPERMARKET,Everyday Essentials,29,23.62992968807024,60,31
SUPERMARKET_3_113,SUPERMARKET,Everyday Essentials,32,28.54798928567655,63,31
SUPERMARKET_3_273,SUPERMARKET,Everyday Essentials,15,16.575871924756754,45,30
HOME_&_GARDEN_1_311,HOME_&_GARDEN,Sporadic Sellers,34,14.984095486594653,64,30
SUPERMARKET_2_170,SUPERMARKET,Everyday Essentials,14,16.75194296113979,44,30
HOME_&_GARDEN_1_458,HOME_&_GARDEN,Everyday Essentials,13,17.26376744853812,43,30
HOME_&_GARDEN_1_350,HOME_&_GARDEN,Everyday Essentials,15,17.792714730490623,45,30
SUPERMARKET_3_237,SUPERMARKET,Sporadic Sellers,33,12.336861159265176,63,30
HOME_&_GARDEN_1_121,HOME_&_GARDEN,Everyday Essentials,16,15.533122698094992,46,30
SUPERMARKET_1_181,SUPERMARKET,Everyday Essentials,39,24.59583071602514,69,30
SUPERMARKET_1_023,SUPERMARKET,Everyday Essentials,64,35.11872181603569,94,30
HOME_&_GARDEN_1_094,HOME_&_GARDEN,Everyday Essentials,42,25.21221999190927,72,30
HOME_&_GARDEN_1_357,HOME_&_GARDEN,Premium Niche,25,16.72016210999395,55,30
HOME_&_GARDEN_1_102,HOME_&_GARDEN,Premium Niche,23,13.8968919787269,53,30
HOME_&_GARDEN_1_194,HOME_&_GARDEN,Everyday Essentials,14,16.02046758918082,44,30
HOME_&_GARDEN_1_488,HOME_&_GARDEN,Premium Niche,24,21.70090749006206,54,30
SUPERMARKET_3_190,SUPERMARKET,Sporadic Sellers,24,14.571787533869436,54,30
SUPERMARKET_2_383,SUPERMARKET,Sporadic Sellers,35,19.1258333714838,65,30
HOME_&_GARDEN_1_011,HOME_&_GARDEN,Everyday Essentials,24,21.49962578692594,54,30
SUPERMARKET_3_085,SUPERMARKET,Sporadic Sellers,13,11.091536411481462,43,30
ACCESORIES_1_341,ACCESORIES,Everyday Essentials,44,30.703299129708384,74,30
SUPERMARKET_3_144,SUPERMARKET,Everyday Essentials,20,24.046184799879953,50,30
SUPERMARKET_2_196,SUPERMARKET,Everyday Essentials,25,20.968623959399775,55,30
SUPERMARKET_3_803,SUPERMARKET,Sporadic Sellers,52,21.975441931137265,81,29
SUPERMARKET_1_060,SUPERMARKET,Sporadic Sellers,13,9.333402430331835,42,29
SUPERMARKET_3_368,SUPERMARKET,Everyday Essentials,14,17.426647986699187,43,29
ACCESORIES_1_148,ACCESORIES,Everyday Essentials,13,14.567511806665866,42,29
HOME_&_GARDEN_1_396,HOME_&_GARDEN,Sporadic Sellers,16,12.801712614223035,45,29
ACCESORIES_1_179,ACCESORIES,Everyday Essentials,27,22.42330451785618,56,29
SUPERMARKET_1_094,SUPERMARKET,Everyday Essentials,31,22.2790736845319,60,29
SUPERMARKET_3_431,SUPERMARKET,Everyday Essentials,22,20.64491448473614,51,29
SUPERMARKET_2_233,SUPERMARKET,Everyday Essentials,17,16.036099484627186,46,29
SUPERMARKET_3_330,SUPERMARKET,Everyday Essentials,17,18.38299431049665,46,29
HOME_&_GARDEN_1_275,HOME_&_GARDEN,Everyday Essentials,27,24.210275843218007,56,29
SUPERMARKET_1_183,SUPERMARKET,Everyday Essentials,18,20.214012504625835,47,29
ACCESORIES_1_247,ACCESORIES,Premium Niche,21,13.072475821752086,50,29
HOME_&_GARDEN_1_282,HOME_&_GARDEN,Everyday Essentials,18,17.38133911915029,47,29
SUPERMARKET_2_119,SUPERMARKET,Everyday Essentials,19,21.483128278291204,48,29
SUPERMARKET_1_201,SUPERMARKET,Everyday Essentials,30,23.316050379408907,59,29
HOME_&_GARDEN_1_287,HOME_&_GARDEN,Everyday Essentials,16,18.426933258307084,45,29
SUPERMARKET_3_786,SUPERMARKET,Everyday Essentials,21,19.25048780262472,50,29
ACCESORIES_1_344,ACCESORIES,Premium Niche,13,8.277787175474373,42,29
SUPERMARKET_2_167,SUPERMARKET,Everyday Essentials,18,17.365043623153138,47,29
SUPERMARKET_3_551,SUPERMARKET,Everyday Essentials,12,15.498256041720811,41,29
HOME_&_GARDEN_1_022,HOME_&_GARDEN,Sporadic Sellers,25,11.729023188416331,54,29
HOME_&_GARDEN_2_427,HOME_&_GARDEN,Everyday Essentials,12,15.99671171973478,40,28
HOME_&_GARDEN_1_063,HOME_&_GARDEN,Premium Niche,29,12.740264858111209,57,28
HOME_&_GARDEN_1_113,HOME_&_GARDEN,Sporadic Sellers,30,14.792755502932318,58,28
SUPERMARKET_3_524,SUPERMARKET,Everyday Essentials,30,21.037886685331593,58,28
SUPERMARKET_1_042,SUPERMARKET,Everyday Essentials,33,22.16641879836035,61,28
SUPERMARKET_2_189,SUPERMARKET,Everyday Essentials,16,16.444240613309375,44,28
SUPERMARKET_3_390,SUPERMARKET,Sporadic Sellers,14,11.17170448106782,42,28
SUPERMARKET_3_822,SUPERMARKET,Everyday Essentials,52,27.97256533836135,80,28
SUPERMARKET_3_530,SUPERMARKET,Everyday Essentials,20,15.390772102991612,48,28
ACCESORIES_1_232,ACCESORIES,Sporadic Sellers,27,11.022270129051671,55,28
SUPERMARKET_2_299,SUPERMARKET,Everyday Essentials,14,14.33824051296364,42,28
HOME_&_GARDEN_1_166,HOME_&_GARDEN,Everyday Essentials,13,13.21920702864136,41,28
HOME_&_GARDEN_1_107,HOME_&_GARDEN,Everyday Essentials,11,15.225089458230144,39,28
SUPERMARKET_3_326,SUPERMARKET,Everyday Essentials,19,15.131162243546838,47,28
SUPERMARKET_3_509,SUPERMARKET,Everyday Essentials,15,14.8331243178342,43,28
SUPERMARKET_3_399,SUPERMARKET,Everyday Essentials,50,24.391454979047317,78,28
HOME_&_GARDEN_1_136,HOME_&_GARDEN,Sporadic Sellers,15,11.971549908807296,43,28
ACCESORIES_1_337,ACCESORIES,Everyday Essentials,13,19.806838052121307,41,28
SUPERMARKET_2_361,SUPERMARKET,Everyday Essentials,13,14.503408245399967,41,28
HOME_&_GARDEN_1_024,HOME_&_GARDEN,Sporadic Sellers,26,14.57812354004384,53,27
HOME_&_GARDEN_1_442,HOME_&_GARDEN,Premium Niche,15,11.749147336932442,42,27
SUPERMARKET_3_146,SUPERMARKET,Everyday Essentials,56,27.266484934378205,83,27
ACCESORIES_1_394,ACCESORIES,Premium Niche,13,12.04048441786352,40,27
SUPERMARKET_3_500,SUPERMARKET,Seasonal Spikes,31,9.193852535604089,58,27
SUPERMARKET_3_143,SUPERMARKET,Sporadic Sellers,24,11.138867011282096,51,27
SUPERMARKET_3_187,SUPERMARKET,Everyday Essentials,17,14.80284572269622,44,27
SUPERMARKET_2_175,SUPERMARKET,Everyday Essentials,52,26.554872685598813,79,27
SUPERMARKET_3_169,SUPERMARKET,Everyday Essentials,19,18.26274111675614,46,27
SUPERMARKET_3_560,SUPERMARKET,Everyday Essentials,36,18.35469639198939,63,27
HOME_&_GARDEN_1_006,HOME_&_GARDEN,Everyday Essentials,17,16.56623638960239,44,27
SUPERMARKET_3_438,SUPERMARKET,Everyday Essentials,15,17.094589569510823,42,27
SUPERMARKET_3_665,SUPERMARKET,Sporadic Sellers,28,12.732583839889186,55,27
SUPERMARKET_3_552,SUPERMARKET,Sporadic Sellers,35,16.5814990383786,62,27
SUPERMARKET_3_787,SUPERMARKET,Everyday Essentials,14,11.71536450006302,41,27
SUPERMARKET_3_327,SUPERMARKET,Everyday Essentials,15,14.875045911246104,42,27
HOME_&_GARDEN_2_248,HOME_&_GARDEN,Sporadic Sellers,56,17.77130052574155,83,27
SUPERMARKET_2_121,SUPERMARKET,Sporadic Sellers,12,10.915105234515272,39,27
SUPERMARKET_3_432,SUPERMARKET,Everyday Essentials,43,21.960786363464912,70,27
HOME_&_GARDEN_2_414,HOME_&_GARDEN,Seasonal Spikes,25,8.784921191407385,52,27
SUPERMARKET_3_429,SUPERMARKET,Sporadic Sellers,13,9.268482965070223,40,27
SUPERMARKET_3_114,SUPERMARKET,Seasonal Spikes,13,8.5044303226165,40,27
HOME_&_GARDEN_1_515,HOME_&_GARDEN,Everyday Essentials,31,21.80669812055777,58,27
HOME_&_GARDEN_1_098,HOME_&_GARDEN,Sporadic Sellers,17,9.44199178984826,44,27
SUPERMARKET_2_283,SUPERMARKET,Everyday Essentials,11,12.928631103663438,37,26
SUPERMARKET_3_513,SUPERMARKET,Everyday Essentials,15,17.595531250159,41,26
HOME_&_GARDEN_1_114,HOME_&_GARDEN,Everyday Essentials,58,36.07384207034097,84,26
SUPERMARKET_3_418,SUPERMARKET,Everyday Essentials,24,21.82345858858468,50,26
SUPERMARKET_2_036,SUPERMARKET,Everyday Essentials,28,21.237398247556072,54,26
SUPERMARKET_3_067,SUPERMARKET,Everyday Essentials,30,24.74867396034072,56,26
HOME_&_GARDEN_1_495,HOME_&_GARDEN,Sporadic Sellers,22,14.02210268344652,48,26
SUPERMARKET_3_792,SUPERMARKET,Everyday Essentials,17,18.881468843713098,43,26
SUPERMARKET_3_783,SUPERMARKET,Everyday Essentials,32,22.04887099288618,58,26
HOME_&_GARDEN_1_317,HOME_&_GARDEN,Sporadic Sellers,46,16.74622986639241,72,26
SUPERMARKET_3_771,SUPERMARKET,Everyday Essentials,15,13.420799129890607,41,26
SUPERMARKET_3_232,SUPERMARKET,Everyday Essentials,15,19.6354885656069,41,26
HOME_&_GARDEN_1_243,HOME_&_GARDEN,Everyday Essentials,22,24.18883661982102,48,26
SUPERMARKET_3_350,SUPERMARKET,Sporadic Sellers,27,7.512209321858002,53,26
HOME_&_GARDEN_1_389,HOME_&_GARDEN,Everyday Essentials,55,34.96978865646662,81,26
SUPERMARKET_1_190,SUPERMARKET,Everyday Essentials,25,16.021239774124673,51,26
SUPERMARKET_3_678,SUPERMARKET,Everyday Essentials,18,16.768913446418143,44,26
HOME_&_GARDEN_1_143,HOME_&_GARDEN,Sporadic Sellers,44,21.20028321700702,70,26
SUPERMARKET_1_061,SUPERMARKET,Everyday Essentials,51,33.32291949542321,77,26
SUPERMARKET_2_267,SUPERMARKET,Everyday Essentials,12,14.77190167997017,38,26
SUPERMARKET_3_378,SUPERMARKET,Everyday Essentials,13,11.750044342633796,39,26
HOME_&_GARDEN_1_202,HOME_&_GARDEN,Everyday Essentials,32,19.189154443613,58,26
SUPERMARKET_3_023,SUPERMARKET,Everyday Essentials,31,22.443261644616324,57,26
SUPERMARKET_1_082,SUPERMARKET,Everyday Essentials,50,23.190136263854153,76,26
SUPERMARKET_3_650,SUPERMARKET,Sporadic Sellers,12,11.052150298736963,37,25
ACCESORIES_1_398,ACCESORIES,Everyday Essentials,41,23.952827951214385,66,25
SUPERMARKET_3_139,SUPERMARKET,Everyday Essentials,19,17.543970604202546,44,25
SUPERMARKET_3_138,SUPERMARKET,Everyday Essentials,32,21.80528127211756,57,25
SUPERMARKET_3_594,SUPERMARKET,Everyday Essentials,20,15.941591474683907,45,25
SUPERMARKET_3_163,SUPERMARKET,Everyday Essentials,26,20.034227957729353,51,25
HOME_&_GARDEN_2_346,HOME_&_GARDEN,Sporadic Sellers,29,14.444951336623946,54,25
SUPERMARKET_1_096,SUPERMARKET,Everyday Essentials,26,13.498720803308238,51,25
HOME_&_GARDEN_1_330,HOME_&_GARDEN,Sporadic Sellers,32,14.768801330485504,57,25
HOME_&_GARDEN_1_259,HOME_&_GARDEN,Everyday Essentials,13,17.296745996570053,38,25
SUPERMARKET_3_332,SUPERMARKET,Everyday Essentials,25,18.08188741585945,50,25
ACCESORIES_1_177,ACCESORIES,Everyday Essentials,12,12.33601153506059,37,25
SUPERMARKET_3_048,SUPERMARKET,Everyday Essentials,11,13.517560274029645,36,25
SUPERMARKET_1_011,SUPERMARKET,Seasonal Spikes,30,15.206348438268952,55,25
SUPERMARKET_2_369,SUPERMARKET,Sporadic Sellers,14,7.867245729936244,39,25
HOME_&_GARDEN_1_404,HOME_&_GARDEN,Everyday Essentials,19,18.605031377157623,44,25
SUPERMARKET_1_092,SUPERMARKET,Everyday Essentials,18,14.390354164015903,43,25
SUPERMARKET_1_135,SUPERMARKET,Seasonal Spikes,12,9.557413365330738,37,25
HOME_&_GARDEN_1_518,HOME_&_GARDEN,Sporadic Sellers,15,9.38822832710274,40,25
SUPERMARKET_3_575,SUPERMARKET,Sporadic Sellers,15,7.737334228346789,40,25
SUPERMARKET_3_388,SUPERMARKET,Everyday Essentials,11,12.51721850550308,36,25
HOME_&_GARDEN_1_411,HOME_&_GARDEN,Everyday Essentials,37,28.675260388296355,62,25
SUPERMARKET_2_374,SUPERMARKET,Everyday Essentials,23,17.726877729576746,48,25
SUPERMARKET_3_679,SUPERMARKET,Everyday Essentials,29,20.442758277637573,54,25
SUPERMARKET_1_205,SUPERMARKET,Sporadic Sellers,37,15.51508879216949,62,25
HOME_&_GARDEN_1_075,HOME_&_GARDEN,Everyday Essentials,11,16.068801854253984,36,25
HOME_&_GARDEN_1_481,HOME_&_GARDEN,Everyday Essentials,20,16.509556153659243,45,25
SUPERMARKET_3_485,SUPERMARKET,Everyday Essentials,25,21.54109456900216,50,25
SUPERMARKET_2_250,SUPERMARKET,Sporadic Sellers,15,7.332607083897871,40,25
HOME_&_GARDEN_1_474,HOME_&_GARDEN,Everyday Essentials,54,23.883022162991765,79,25
HOME_&_GARDEN_1_467,HOME_&_GARDEN,Premium Niche,25,13.466727768844786,50,25
SUPERMARKET_3_780,SUPERMARKET,Sporadic Sellers,40,12.031108093942958,65,25
ACCESORIES_1_392,ACCESORIES,Premium Niche,18,9.949184594969458,43,25
HOME_&_GARDEN_1_101,HOME_&_GARDEN,Everyday Essentials,14,15.727820583531177,39,25
ACCESORIES_1_286,ACCESORIES,Everyday Essentials,16,17.642872039398455,41,25
SUPERMARKET_2_084,SUPERMARKET,Sporadic Sellers,21,11.36503137255157,45,24
HOME_&_GARDEN_1_081,HOME_&_GARDEN,Premium Niche,26,14.61210877255592,50,24
SUPERMARKET_3_776,SUPERMARKET,Sporadic Sellers,19,10.647488996240185,43,24
ACCESORIES_1_348,ACCESORIES,Everyday Essentials,55,30.55947655034245,79,24
SUPERMARKET_3_753,SUPERMARKET,Everyday Essentials,46,27.74445096789878,70,24
SUPERMARKET_2_221,SUPERMARKET,Sporadic Sellers,39,17.189900209168353,63,24
HOME_&_GARDEN_1_138,HOME_&_GARDEN,Everyday Essentials,17,17.0299677254289,41,24
HOME_&_GARDEN_2_354,HOME_&_GARDEN,Everyday Essentials,19,12.287066827166722,43,24
SUPERMARKET_3_053,SUPERMARKET,Everyday Essentials,46,21.546145348930633,70,24
SUPERMARKET_3_398,SUPERMARKET,Everyday Essentials,11,11.885950692071482,35,24
SUPERMARKET_3_738,SUPERMARKET,Everyday Essentials,43,27.283193452915853,67,24
SUPERMARKET_3_646,SUPERMARKET,Sporadic Sellers,24,13.604556231054593,48,24
SUPERMARKET_3_812,SUPERMARKET,Everyday Essentials,17,19.51184581365186,41,24
HOME_&_GARDEN_1_476,HOME_&_GARDEN,Sporadic Sellers,24,9.796220847046303,48,24
SUPERMARKET_3_489,SUPERMARKET,Sporadic Sellers,48,20.10229130933714,72,24
HOME_&_GARDEN_1_480,HOME_&_GARDEN,Sporadic Sellers,11,9.815923798812207,35,24
SUPERMARKET_3_181,SUPERMARKET,Everyday Essentials,50,24.708787202502695,74,24
SUPERMARKET_3_751,SUPERMARKET,Sporadic Sellers,37,14.619751861387083,61,24
HOME_&_GARDEN_1_425,HOME_&_GARDEN,Everyday Essentials,37,27.277566976997583,61,24
SUPERMARKET_1_017,SUPERMARKET,Sporadic Sellers,13,10.743204897119828,37,24
SUPERMARKET_3_674,SUPERMARKET,Everyday Essentials,39,31.046790334474935,63,24
HOME_&_GARDEN_2_176,HOME_&_GARDEN,Everyday Essentials,46,28.724700230950106,70,24
SUPERMARKET_2_339,SUPERMARKET,Everyday Essentials,12,11.917696162116416,36,24
HOME_&_GARDEN_1_538,HOME_&_GARDEN,Everyday Essentials,13,14.144818685046912,37,24
ACCESORIES_1_198,ACCESORIES,Premium Niche,33,15.602036044344889,57,24
HOME_&_GARDEN_1_020,HOME_&_GARDEN,Sporadic Sellers,14,7.644843087459158,38,24
SUPERMARKET_3_672,SUPERMARKET,Everyday Essentials,26,19.354335898225656,50,24
HOME_&_GARDEN_2_298,HOME_&_GARDEN,Everyday Essentials,13,11.40765489701198,37,24
HOME_&_GARDEN_1_235,HOME_&_GARDEN,Everyday Essentials,23,15.444435315759508,46,23
HOME_&_GARDEN_2_468,HOME_&_GARDEN,Premium Niche,9,11.693596979283132,32,23
SUPERMARKET_3_655,SUPERMARKET,Everyday Essentials,13,13.662174444819655,36,23
SUPERMARKET_3_221,SUPERMARKET,Sporadic Sellers,9,7.613547223124411,32,23
SUPERMARKET_2_094,SUPERMARKET,Seasonal Spikes,11,7.237467058190338,34,23
SUPERMARKET_3_645,SUPERMARKET,Everyday Essentials,10,11.026703637819958,33,23
HOME_&_GARDEN_1_080,HOME_&_GARDEN,Premium Niche,13,9.208573252956253,36,23
ACCESORIES_1_139,ACCESORIES,Sporadic Sellers,20,11.970985455968526,43,23
SUPERMARKET_3_361,SUPERMARKET,Everyday Essentials,19,14.319057165339396,42,23
SUPERMARKET_3_083,SUPERMARKET,Premium Niche,31,22.32675114917162,54,23
HOME_&_GARDEN_1_217,HOME_&_GARDEN,Everyday Essentials,10,11.05444477047951,33,23
SUPERMARKET_1_005,SUPERMARKET,Seasonal Spikes,38,19.8967998399619,61,23
HOME_&_GARDEN_2_495,HOME_&_GARDEN,Seasonal Spikes,12,9.61097631958681,35,23
SUPERMARKET_3_174,SUPERMARKET,Everyday Essentials,17,16.18702427958109,40,23
HOME_&_GARDEN_1_220,HOME_&_GARDEN,Everyday Essentials,11,11.44190940556744,34,23
ACCESORIES_1_091,ACCESORIES,Sporadic Sellers,12,7.113395625210728,35,23
ACCESORIES_1_413,ACCESORIES,Everyday Essentials,20,15.285048295101186,43,23
SUPERMARKET_3_201,SUPERMARKET,Everyday Essentials,28,25.649034566189233,51,23
SUPERMARKET_3_072,SUPERMARKET,Sporadic Sellers,11,8.630644099516559,34,23
SUPERMARKET_1_051,SUPERMARKET,Everyday Essentials,16,14.111920272294176,39,23
ACCESORIES_1_023,ACCESORIES,Everyday Essentials,14,12.462062737842386,37,23
ACCESORIES_1_306,ACCESORIES,Premium Niche,9,9.018586687292698,32,23
HOME_&_GARDEN_1_383,HOME_&_GARDEN,Everyday Essentials,18,13.730521962273349,41,23
SUPERMARKET_1_160,SUPERMARKET,Sporadic Sellers,25,8.978708256422868,48,23
HOME_&_GARDEN_2_312,HOME_&_GARDEN,Sporadic Sellers,27,11.774205150348926,50,23
SUPERMARKET_3_215,SUPERMARKET,Everyday Essentials,9,13.363141113753096,32,23
HOME_&_GARDEN_1_537,HOME_&_GARDEN,Premium Niche,13,15.368818609816495,36,23
HOME_&_GARDEN_1_461,HOME_&_GARDEN,Everyday Essentials,12,16.108844749519843,35,23
SUPERMARKET_2_304,SUPERMARKET,Everyday Essentials,37,22.937256683990864,60,23
SUPERMARKET_3_726,SUPERMARKET,Sporadic Sellers,19,12.316823069449306,42,23
SUPERMARKET_3_788,SUPERMARKET,Everyday Essentials,46,25.109759707991977,69,23
SUPERMARKET_1_109,SUPERMARKET,Sporadic Sellers,13,10.490794794685792,36,23
SUPERMARKET_3_257,SUPERMARKET,Everyday Essentials,39,26.806060480793963,62,23
SUPERMARKET_3_773,SUPERMARKET,Sporadic Sellers,11,7.783981488935416,34,23
SUPERMARKET_3_118,SUPERMARKET,Everyday Essentials,42,25.112558410162865,65,23
SUPERMARKET_3_475,SUPERMARKET,Everyday Essentials,16,16.261186783042444,39,23
SUPERMARKET_3_428,SUPERMARKET,Everyday Essentials,26,14.552548608522557,49,23
HOME_&_GARDEN_1_196,HOME_&_GARDEN,Everyday Essentials,42,30.75187012891385,65,23
SUPERMARKET_3_684,SUPERMARKET,Everyday Essentials,16,13.70427360927487,39,23
SUPERMARKET_2_112,SUPERMARKET,Everyday Essentials,41,20.385309444609064,64,23
HOME_&_GARDEN_1_400,HOME_&_GARDEN,Sporadic Sellers,38,14.765685303594962,61,23
HOME_&_GARDEN_2_374,HOME_&_GARDEN,Sporadic Sellers,15,10.909381197088798,38,23
SUPERMARKET_2_277,SUPERMARKET,Sporadic Sellers,13,6.385130062774519,36,23
SUPERMARKET_2_034,SUPERMARKET,Everyday Essentials,27,21.677836678725225,50,23
HOME_&_GARDEN_1_043,HOME_&_GARDEN,Sporadic Sellers,21,9.275776889128863,43,22
ACCESORIES_1_373,ACCESORIES,Premium Niche,11,9.80526764794732,33,22
SUPERMARKET_3_129,SUPERMARKET,Everyday Essentials,13,11.252782561013625,35,22
ACCESORIES_1_248,ACCESORIES,Everyday Essentials,25,14.435896254942309,47,22
HOME_&_GARDEN_2_343,HOME_&_GARDEN,Sporadic Sellers,37,13.925288199884749,59,22
SUPERMARKET_3_639,SUPERMARKET,Sporadic Sellers,37,15.824860671420115,59,22
SUPERMARKET_3_346,SUPERMARKET,Everyday Essentials,23,20.29101714276765,45,22
SUPERMARKET_3_819,SUPERMARKET,Everyday Essentials,10,11.86830304275113,32,22
SUPERMARKET_2_164,SUPERMARKET,Everyday Essentials,19,18.299702028304868,41,22
HOME_&_GARDEN_1_023,HOME_&_GARDEN,Premium Niche,14,9.56805882041127,36,22
HOME_&_GARDEN_1_371,HOME_&_GARDEN,Sporadic Sellers,30,11.53795102049318,52,22
SUPERMARKET_1_188,SUPERMARKET,Sporadic Sellers,35,13.860866115759714,57,22
SUPERMARKET_2_290,SUPERMARKET,Sporadic Sellers,15,7.632009706665169,37,22
HOME_&_GARDEN_1_172,HOME_&_GARDEN,Sporadic Sellers,12,7.783017353055976,34,22
SUPERMARKET_3_010,SUPERMARKET,Everyday Essentials,11,10.492331204863529,33,22
SUPERMARKET_3_383,SUPERMARKET,Everyday Essentials,17,13.64890255197721,39,22
HOME_&_GARDEN_1_438,HOME_&_GARDEN,Everyday Essentials,11,15.161513001518747,33,22
ACCESORIES_1_164,ACCESORIES,Everyday Essentials,24,17.4375586975216,46,22
SUPERMARKET_1_123,SUPERMARKET,Seasonal Spikes,34,18.30445447925323,56,22
ACCESORIES_1_168,ACCESORIES,Sporadic Sellers,13,8.858965945402911,35,22
SUPERMARKET_2_377,SUPERMARKET,Sporadic Sellers,30,10.873317775159787,52,22
SUPERMARKET_2_274,SUPERMARKET,Everyday Essentials,23,16.740683757692647,45,22
HOME_&_GARDEN_1_168,HOME_&_GARDEN,Everyday Essentials,21,15.964191645533738,43,22
SUPERMARKET_3_529,SUPERMARKET,Sporadic Sellers,12,8.072657242150896,34,22
SUPERMARKET_2_307,SUPERMARKET,Everyday Essentials,28,15.320068801782806,50,22
SUPERMARKET_1_163,SUPERMARKET,Sporadic Sellers,43,14.495169080944155,65,22
SUPERMARKET_3_248,SUPERMARKET,Everyday Essentials,10,12.136317101025046,32,22
ACCESORIES_1_288,ACCESORIES,Everyday Essentials,47,25.07160566596674,69,22
SUPERMARKET_3_290,SUPERMARKET,Everyday Essentials,13,15.232427023339458,35,22
HOME_&_GARDEN_1_224,HOME_&_GARDEN,Premium Niche,26,12.607073486119292,48,22
HOME_&_GARDEN_1_079,HOME_&_GARDEN,Everyday Essentials,18,15.757578104426091,40,22
SUPERMARKET_2_263,SUPERMARKET,Sporadic Sellers,14,10.358850336253308,36,22
SUPERMARKET_3_610,SUPERMARKET,Everyday Essentials,18,16.46295250238231,40,22
SUPERMARKET_3_079,SUPERMARKET,Everyday Essentials,32,21.178739946083795,54,22
SUPERMARKET_3_062,SUPERMARKET,Everyday Essentials,23,17.159774857631298,45,22
SUPERMARKET_3_703,SUPERMARKET,Sporadic Sellers,9,6.606698337855996,31,22
HOME_&_GARDEN_1_484,HOME_&_GARDEN,Sporadic Sellers,31,10.054564137882032,52,21
SUPERMARKET_3_075,SUPERMARKET,Sporadic Sellers,10,8.52762346804822,31,21
HOME_&_GARDEN_2_341,HOME_&_GARDEN,Everyday Essentials,19,14.132910896416307,40,21
SUPERMARKET_1_149,SUPERMARKET,Everyday Essentials,14,12.318026471842764,35,21
SUPERMARKET_3_183,SUPERMARKET,Everyday Essentials,9,12.149505428201936,30,21
SUPERMARKET_3_185,SUPERMARKET,Sporadic Sellers,30,12.264342296263482,51,21
ACCESORIES_1_352,ACCESORIES,Sporadic Sellers,16,10.308373801898872,37,21
SUPERMARKET_2_162,SUPERMARKET,Sporadic Sellers,22,13.101300446836593,43,21
SUPERMARKET_3_616,SUPERMARKET,Everyday Essentials,14,15.508327525709722,35,21
HOME_&_GARDEN_1_457,HOME_&_GARDEN,Premium Niche,35,16.09330982329872,56,21
HOME_&_GARDEN_1_347,HOME_&_GARDEN,Everyday Essentials,44,27.121637556409937,65,21
SUPERMARKET_1_208,SUPERMARKET,Everyday Essentials,19,16.045277789544407,40,21
SUPERMARKET_3_184,SUPERMARKET,Everyday Essentials,10,14.200023399038429,31,21
SUPERMARKET_2_192,SUPERMARKET,Everyday Essentials,12,11.218779514110867,33,21
SUPERMARKET_1_180,SUPERMARKET,Premium Niche,21,9.695045117351189,42,21
SUPERMARKET_3_673,SUPERMARKET,Sporadic Sellers,9,7.858406781439058,30,21
SUPERMARKET_3_353,SUPERMARKET,Seasonal Spikes,9,4.595496372986678,30,21
HOME_&_GARDEN_1_241,HOME_&_GARDEN,Everyday Essentials,16,13.995483910637049,37,21
SUPERMARKET_3_675,SUPERMARKET,Everyday Essentials,26,16.1517918490881,47,21
SUPERMARKET_1_184,SUPERMARKET,Everyday Essentials,32,19.220804282998017,53,21
SUPERMARKET_3_394,SUPERMARKET,Everyday Essentials,13,11.272138461371831,34,21
SUPERMARKET_2_260,SUPERMARKET,Sporadic Sellers,10,8.341944651047843,31,21
HOME_&_GARDEN_1_239,HOME_&_GARDEN,Sporadic Sellers,14,9.284491867630411,35,21
SUPERMARKET_2_056,SUPERMARKET,Everyday Essentials,41,21.93980633856338,62,21
SUPERMARKET_3_591,SUPERMARKET,Everyday Essentials,11,12.769975924735324,32,21
SUPERMARKET_2_052,SUPERMARKET,Premium Niche,23,15.230083679967908,44,21
ACCESORIES_1_226,ACCESORIES,Premium Niche,43,23.469884313033685,64,21
ACCESORIES_1_142,ACCESORIES,Everyday Essentials,38,19.362872807950055,59,21
SUPERMARKET_3_335,SUPERMARKET,Everyday Essentials,18,12.249749141103406,39,21
SUPERMARKET_3_021,SUPERMARKET,Everyday Essentials,9,8.207942447226904,30,21
HOME_&_GARDEN_2_434,HOME_&_GARDEN,Everyday Essentials,33,18.046451111327983,54,21
SUPERMARKET_2_301,SUPERMARKET,Sporadic Sellers,9,7.511750076594538,30,21
ACCESORIES_1_005,ACCESORIES,Everyday Essentials,26,17.92203258741562,47,21
SUPERMARKET_3_722,SUPERMARKET,Sporadic Sellers,23,9.34664857952387,44,21
HOME_&_GARDEN_1_251,HOME_&_GARDEN,Everyday Essentials,23,18.572654459267618,44,21
SUPERMARKET_2_272,SUPERMARKET,Sporadic Sellers,10,7.619195894721788,31,21
SUPERMARKET_2_203,SUPERMARKET,Sporadic Sellers,11,7.481703862401817,32,21
SUPERMARKET_3_518,SUPERMARKET,Sporadic Sellers,10,8.175660452227879,31,21
SUPERMARKET_3_825,SUPERMARKET,Everyday Essentials,29,16.957415162238682,49,20
SUPERMARKET_3_246,SUPERMARKET,Everyday Essentials,17,14.27482957908465,37,20
SUPERMARKET_3_810,SUPERMARKET,Everyday Essentials,20,12.535761632542869,40,20
SUPERMARKET_3_820,SUPERMARKET,Everyday Essentials,10,13.72873100897568,30,20
SUPERMARKET_3_247,SUPERMARKET,Sporadic Sellers,8,8.16575605296701,28,20
HOME_&_GARDEN_1_520,HOME_&_GARDEN,Everyday Essentials,25,14.630988245468098,45,20
HOME_&_GARDEN_1_407,HOME_&_GARDEN,Sporadic Sellers,14,10.127576559913512,34,20
ACCESORIES_1_384,ACCESORIES,Premium Niche,12,9.664517697127302,32,20
SUPERMARKET_2_139,SUPERMARKET,Everyday Essentials,26,18.71052097123644,46,20
SUPERMARKET_1_097,SUPERMARKET,Everyday Essentials,12,11.333388095717025,32,20
SUPERMARKET_3_581,SUPERMARKET,Everyday Essentials,14,12.810912476126742,34,20
SUPERMARKET_1_108,SUPERMARKET,Everyday Essentials,27,17.542188910808218,47,20
ACCESORIES_1_166,ACCESORIES,Premium Niche,26,13.386901781820104,46,20
ACCESORIES_1_167,ACCESORIES,Sporadic Sellers,25,12.137964042144269,45,20
SUPERMARKET_3_493,SUPERMARKET,Everyday Essentials,26,16.95746726650777,46,20
SUPERMARKET_3_214,SUPERMARKET,Everyday Essentials,30,17.46946559927497,50,20
HOME_&_GARDEN_1_067,HOME_&_GARDEN,Everyday Essentials,35,21.72049122976033,55,20
HOME_&_GARDEN_1_039,HOME_&_GARDEN,Everyday Essentials,13,13.555851662511024,33,20
ACCESORIES_1_279,ACCESORIES,Sporadic Sellers,14,8.500189582343772,34,20
HOME_&_GARDEN_1_033,HOME_&_GARDEN,Everyday Essentials,38,17.845859014354005,58,20
SUPERMARKET_3_457,SUPERMARKET,Seasonal Spikes,8,7.462177233709634,28,20
SUPERMARKET_3_544,SUPERMARKET,Everyday Essentials,8,8.878811491282821,28,20
SUPERMARKET_2_253,SUPERMARKET,Sporadic Sellers,31,9.873959995784922,51,20
HOME_&_GARDEN_1_021,HOME_&_GARDEN,Everyday Essentials,29,17.680469624241795,49,20
SUPERMARKET_3_203,SUPERMARKET,Everyday Essentials,28,20.93229562959957,48,20
SUPERMARKET_3_451,SUPERMARKET,Sporadic Sellers,15,10.666382838856226,35,20
SUPERMARKET_3_517,SUPERMARKET,Sporadic Sellers,8,5.410705083540309,28,20
HOME_&_GARDEN_1_201,HOME_&_GARDEN,Sporadic Sellers,18,7.332110449700378,38,20
SUPERMARKET_3_200,SUPERMARKET,Sporadic Sellers,19,11.11503043923732,39,20
HOME_&_GARDEN_1_055,HOME_&_GARDEN,Everyday Essentials,20,21.38855154931627,40,20
SUPERMARKET_3_130,SUPERMARKET,Seasonal Spikes,17,9.895353258266503,37,20
HOME_&_GARDEN_2_187,HOME_&_GARDEN,Sporadic Sellers,12,8.499902475419725,32,20
HOME_&_GARDEN_2_213,HOME_&_GARDEN,Sporadic Sellers,8,8.16523968992377,28,20
HOME_&_GARDEN_2_335,HOME_&_GARDEN,Sporadic Sellers,24,10.126981824840923,44,20
HOME_&_GARDEN_2_342,HOME_&_GARDEN,Everyday Essentials,34,17.442683523360106,54,20
HOME_&_GARDEN_2_366,HOME_&_GARDEN,Everyday Essentials,36,21.749155466636907,56,20
SUPERMARKET_3_470,SUPERMARKET,Everyday Essentials,10,8.977103856467751,30,20
HOME_&_GARDEN_2_437,HOME_&_GARDEN,Everyday Essentials,21,16.080673092189315,41,20
HOME_&_GARDEN_1_082,HOME_&_GARDEN,Everyday Essentials,20,16.413316677503655,40,20
SUPERMARKET_3_642,SUPERMARKET,Everyday Essentials,13,10.352373073302092,33,20
SUPERMARKET_3_354,SUPERMARKET,Sporadic Sellers,33,15.871160436077115,53,20
HOME_&_GARDEN_1_042,HOME_&_GARDEN,Premium Niche,27,13.855983358979223,46,19
SUPERMARKET_3_770,SUPERMARKET,Everyday Essentials,13,9.379404810655368,32,19
SUPERMARKET_2_134,SUPERMARKET,Everyday Essentials,15,13.114068349789704,34,19
SUPERMARKET_3_297,SUPERMARKET,Sporadic Sellers,9,7.714457020479078,28,19
SUPERMARKET_2_149,SUPERMARKET,Everyday Essentials,15,10.72895150000238,34,19
HOME_&_GARDEN_2_102,HOME_&_GARDEN,Sporadic Sellers,21,11.832403866398542,40,19
SUPERMARKET_2_351,SUPERMARKET,Everyday Essentials,18,15.57791916742132,37,19
SUPERMARKET_2_194,SUPERMARKET,Everyday Essentials,13,12.254607044061826,32,19
SUPERMARKET_3_262,SUPERMARKET,Sporadic Sellers,12,7.164287857292002,31,19
HOME_&_GARDEN_1_397,HOME_&_GARDEN,Everyday Essentials,17,14.643793680984412,36,19
SUPERMARKET_2_302,SUPERMARKET,Premium Niche,36,11.803461987548584,55,19
SUPERMARKET_3_407,SUPERMARKET,Everyday Essentials,43,29.846609087555056,62,19
SUPERMARKET_2_356,SUPERMARKET,Everyday Essentials,13,11.839492345067928,32,19
SUPERMARKET_3_001,SUPERMARKET,Everyday Essentials,20,12.070053167983565,39,19
SUPERMARKET_3_006,SUPERMARKET,Sporadic Sellers,11,7.215398183702042,30,19
SUPERMARKET_3_047,SUPERMARKET,Sporadic Sellers,32,10.151542555800368,51,19
SUPERMARKET_3_060,SUPERMARKET,Sporadic Sellers,12,9.42838559808052,31,19
SUPERMARKET_3_347,SUPERMARKET,Everyday Essentials,34,15.859136430191976,53,19
SUPERMARKET_3_094,SUPERMARKET,Everyday Essentials,21,12.966966108506378,40,19
ACCESORIES_2_042,ACCESORIES,Sporadic Sellers,13,8.178994838150867,32,19
SUPERMARKET_3_117,SUPERMARKET,Everyday Essentials,26,12.512828317770545,45,19
SUPERMARKET_3_310,SUPERMARKET,Everyday Essentials,12,12.01911141347703,31,19
SUPERMARKET_2_126,SUPERMARKET,Everyday Essentials,26,15.230847119880398,45,19
HOME_&_GARDEN_1_482,HOME_&_GARDEN,Everyday Essentials,17,13.018365593839686,36,19
SUPERMARKET_2_095,SUPERMARKET,Sporadic Sellers,10,6.77508914483096,29,19
HOME_&_GARDEN_1_503,HOME_&_GARDEN,Everyday Essentials,14,14.324910650467382,33,19
HOME_&_GARDEN_1_149,HOME_&_GARDEN,Everyday Essentials,21,16.264088668683897,40,19
SUPERMARKET_3_550,SUPERMARKET,Everyday Essentials,11,9.354213619898449,30,19
SUPERMARKET_3_264,SUPERMARKET,Sporadic Sellers,9,7.384789089507937,28,19
HOME_&_GARDEN_1_144,HOME_&_GARDEN,Sporadic Sellers,15,9.085447831646606,34,19
SUPERMARKET_3_537,SUPERMARKET,Everyday Essentials,11,12.646438222247472,30,19
ACCESORIES_1_156,ACCESORIES,Sporadic Sellers,8,6.751428971558423,27,19
SUPERMARKET_1_021,SUPERMARKET,Everyday Essentials,18,10.179051695243942,37,19
SUPERMARKET_3_698,SUPERMARKET,Sporadic Sellers,14,8.27557722838874,33,19
HOME_&_GARDEN_1_530,HOME_&_GARDEN,Everyday Essentials,20,13.425478313249233,39,19
SUPERMARKET_3_510,SUPERMARKET,Sporadic Sellers,26,6.261439323312852,45,19
HOME_&_GARDEN_1_117,HOME_&_GARDEN,Premium Niche,13,7.309108098337826,32,19
SUPERMARKET_2_030,SUPERMARKET,Everyday Essentials,25,15.328390554487209,44,19
ACCESORIES_1_358,ACCESORIES,Sporadic Sellers,11,8.644063468832634,30,19
HOME_&_GARDEN_2_405,HOME_&_GARDEN,Seasonal Spikes,11,7.394575311942475,30,19
HOME_&_GARDEN_1_491,HOME_&_GARDEN,Sporadic Sellers,14,9.660797374042083,33,19
HOME_&_GARDEN_1_359,HOME_&_GARDEN,Everyday Essentials,31,16.12245118917035,50,19
SUPERMARKET_2_063,SUPERMARKET,Everyday Essentials,16,14.569687923524524,35,19
SUPERMARKET_2_049,SUPERMARKET,Everyday Essentials,29,17.988480138052388,48,19
SUPERMARKET_3_081,SUPERMARKET,Everyday Essentials,14,12.46182819189726,32,18
SUPERMARKET_3_074,SUPERMARKET,Everyday Essentials,27,14.658299732318698,45,18
SUPERMARKET_1_172,SUPERMARKET,Everyday Essentials,15,14.676673683352886,33,18
HOME_&_GARDEN_2_465,HOME_&_GARDEN,Everyday Essentials,10,10.95902636299152,28,18
SUPERMARKET_3_046,SUPERMARKET,Everyday Essentials,8,8.553817661296248,26,18
SUPERMARKET_3_367,SUPERMARKET,Everyday Essentials,34,22.003187825967316,52,18
SUPERMARKET_1_118,SUPERMARKET,Everyday Essentials,15,10.18058918599476,33,18
HOME_&_GARDEN_2_483,HOME_&_GARDEN,Everyday Essentials,16,14.644483758916436,34,18
HOME_&_GARDEN_2_142,HOME_&_GARDEN,Everyday Essentials,11,11.94552133610163,29,18
HOME_&_GARDEN_2_135,HOME_&_GARDEN,Premium Niche,11,10.537441075038489,29,18
SUPERMARKET_1_147,SUPERMARKET,Sporadic Sellers,20,9.752546199528254,38,18
SUPERMARKET_3_826,SUPERMARKET,Everyday Essentials,28,14.388801233971108,46,18
SUPERMARKET_2_396,SUPERMARKET,Everyday Essentials,26,17.157690502001138,44,18
SUPERMARKET_3_426,SUPERMARKET,Everyday Essentials,9,8.764888352428729,27,18
SUPERMARKET_2_354,SUPERMARKET,Sporadic Sellers,9,5.852921387709169,27,18
SUPERMARKET_1_187,SUPERMARKET,Everyday Essentials,25,14.801293443408314,43,18
SUPERMARKET_3_479,SUPERMARKET,Everyday Essentials,16,13.152010887408135,34,18
SUPERMARKET_3_267,SUPERMARKET,Everyday Essentials,16,11.729508418595106,34,18
SUPERMARKET_2_085,SUPERMARKET,Everyday Essentials,19,12.110273982305207,37,18
SUPERMARKET_2_078,SUPERMARKET,Premium Niche,40,17.776580851404294,58,18
SUPERMARKET_2_041,SUPERMARKET,Everyday Essentials,8,8.501073627158796,26,18
SUPERMARKET_3_253,SUPERMARKET,Everyday Essentials,24,14.205749279252723,42,18
SUPERMARKET_3_536,SUPERMARKET,Everyday Essentials,8,9.090246918236826,26,18
SUPERMARKET_3_445,SUPERMARKET,Sporadic Sellers,9,8.022601185799852,27,18
SUPERMARKET_2_225,SUPERMARKET,Everyday Essentials,14,11.347799052407645,32,18
HOME_&_GARDEN_1_511,HOME_&_GARDEN,Everyday Essentials,9,8.969289395781276,27,18
SUPERMARKET_2_256,SUPERMARKET,Sporadic Sellers,12,6.126900486078467,30,18
SUPERMARKET_2_262,SUPERMARKET,Everyday Essentials,7,8.439799854326422,25,18
SUPERMARKET_2_266,SUPERMARKET,Premium Niche,32,14.568844589637218,50,18
SUPERMARKET_2_286,SUPERMARKET,Sporadic Sellers,30,12.103282489699712,48,18
SUPERMARKET_2_118,SUPERMARKET,Everyday Essentials,16,10.763968059302972,34,18
SUPERMARKET_1_194,SUPERMARKET,Everyday Essentials,32,20.9032905468627,50,18
ACCESORIES_1_001,ACCESORIES,Premium Niche,10,7.899544039406916,28,18
ACCESORIES_1_338,ACCESORIES,Everyday Essentials,8,10.46518802431853,26,18
ACCESORIES_1_032,ACCESORIES,Everyday Essentials,23,15.66446299985612,41,18
HOME_&_GARDEN_1_159,HOME_&_GARDEN,Sporadic Sellers,18,6.546043642945204,36,18
HOME_&_GARDEN_1_086,HOME_&_GARDEN,Everyday Essentials,35,21.93754324121608,53,18
ACCESORIES_1_381,ACCESORIES,Everyday Essentials,35,22.709212121355662,53,18
ACCESORIES_1_339,ACCESORIES,Sporadic Sellers,14,7.671192728921698,32,18
HOME_&_GARDEN_1_379,HOME_&_GARDEN,Everyday Essentials,17,13.918989192936822,35,18
ACCESORIES_1_319,ACCESORIES,Everyday Essentials,15,14.206163499653174,33,18
HOME_&_GARDEN_1_058,HOME_&_GARDEN,Sporadic Sellers,35,14.847608275801054,53,18
ACCESORIES_1_420,ACCESORIES,Everyday Essentials,13,13.475846449402908,31,18
ACCESORIES_2_043,ACCESORIES,Sporadic Sellers,38,13.262829649521455,56,18
HOME_&_GARDEN_1_349,HOME_&_GARDEN,Sporadic Sellers,26,11.234924248498142,44,18
ACCESORIES_1_243,ACCESORIES,Premium Niche,9,6.736109203618094,27,18
ACCESORIES_1_132,ACCESORIES,Everyday Essentials,8,10.333795405783263,26,18
ACCESORIES_1_084,ACCESORIES,Everyday Essentials,17,14.49045054411226,35,18
HOME_&_GARDEN_1_354,HOME_&_GARDEN,Everyday Essentials,17,14.736036250814838,35,18
HOME_&_GARDEN_1_274,HOME_&_GARDEN,Sporadic Sellers,28,7.572680648327027,46,18
HOME_&_GARDEN_1_242,HOME_&_GARDEN,Sporadic Sellers,28,7.4359064592636175,46,18
SUPERMARKET_3_535,SUPERMARKET,Everyday Essentials,16,15.496090465857364,33,17
SUPERMARKET_3_523,SUPERMARKET,Sporadic Sellers,22,11.816179864760985,39,17
HOME_&_GARDEN_1_320,HOME_&_GARDEN,Sporadic Sellers,16,8.780192918858628,33,17
HOME_&_GARDEN_1_532,HOME_&_GARDEN,Everyday Essentials,12,12.101401220031796,29,17
SUPERMARKET_2_117,SUPERMARKET,Sporadic Sellers,25,7.541550126173912,42,17
SUPERMARKET_3_569,SUPERMARKET,Everyday Essentials,28,16.50544821412397,45,17
SUPERMARKET_2_102,SUPERMARKET,Sporadic Sellers,24,7.917004006015098,41,17
SUPERMARKET_2_038,SUPERMARKET,Everyday Essentials,19,13.631110290215812,36,17
SUPERMARKET_3_109,SUPERMARKET,Star Products,34,19.32128785874344,51,17
HOME_&_GARDEN_1_193,HOME_&_GARDEN,Sporadic Sellers,22,8.72724192549875,39,17
SUPERMARKET_3_614,SUPERMARKET,Everyday Essentials,10,9.802651492875391,27,17
SUPERMARKET_1_086,SUPERMARKET,Everyday Essentials,22,15.249678404231968,39,17
SUPERMARKET_3_084,SUPERMARKET,Sporadic Sellers,8,5.131675690621563,25,17
SUPERMARKET_1_116,SUPERMARKET,Seasonal Spikes,26,11.5209681535971,43,17
SUPERMARKET_2_025,SUPERMARKET,Everyday Essentials,32,16.029217237196804,49,17
SUPERMARKET_1_122,SUPERMARKET,Sporadic Sellers,24,8.575556030670876,41,17
SUPERMARKET_3_653,SUPERMARKET,Everyday Essentials,28,13.541784082961255,45,17
SUPERMARKET_1_206,SUPERMARKET,Everyday Essentials,13,7.742142381265437,30,17
SUPERMARKET_1_207,SUPERMARKET,Everyday Essentials,15,13.65034448722282,32,17
SUPERMARKET_3_311,SUPERMARKET,Everyday Essentials,7,9.608225539114834,24,17
SUPERMARKET_1_198,SUPERMARKET,Seasonal Spikes,25,10.711618578615855,42,17
SUPERMARKET_3_328,SUPERMARKET,Everyday Essentials,7,8.221162054445687,24,17
SUPERMARKET_3_294,SUPERMARKET,Everyday Essentials,17,11.99524531551398,34,17
SUPERMARKET_3_289,SUPERMARKET,Everyday Essentials,9,9.534001708169868,26,17
HOME_&_GARDEN_2_076,HOME_&_GARDEN,Everyday Essentials,13,10.97347856622003,30,17
ACCESORIES_1_323,ACCESORIES,Everyday Essentials,12,12.09117135741974,29,17
SUPERMARKET_2_235,SUPERMARKET,Sporadic Sellers,9,7.057600912776065,26,17
HOME_&_GARDEN_1_153,HOME_&_GARDEN,Everyday Essentials,24,14.926767806486431,41,17
SUPERMARKET_1_169,SUPERMARKET,Sporadic Sellers,22,6.951835843858123,39,17
SUPERMARKET_1_216,SUPERMARKET,Everyday Essentials,20,13.146682192114929,37,17
SUPERMARKET_3_254,SUPERMARKET,Sporadic Sellers,14,5.759759865792173,31,17
SUPERMARKET_3_241,SUPERMARKET,Everyday Essentials,9,8.584244060927357,26,17
SUPERMARKET_2_003,SUPERMARKET,Everyday Essentials,21,11.616185893069716,38,17
HOME_&_GARDEN_1_165,HOME_&_GARDEN,Premium Niche,18,13.405976043511496,35,17
SUPERMARKET_1_143,SUPERMARKET,Everyday Essentials,18,10.986873297875167,35,17
HOME_&_GARDEN_1_279,HOME_&_GARDEN,Everyday Essentials,14,12.14401455885381,31,17
HOME_&_GARDEN_1_175,HOME_&_GARDEN,Everyday Essentials,25,15.250953831855895,42,17
SUPERMARKET_2_017,SUPERMARKET,Sporadic Sellers,8,4.734165700134229,25,17
SUPERMARKET_3_648,SUPERMARKET,Everyday Essentials,16,13.214330996909434,33,17
HOME_&_GARDEN_2_439,HOME_&_GARDEN,Seasonal Spikes,29,12.115237014803498,46,17
HOME_&_GARDEN_1_469,HOME_&_GARDEN,Premium Niche,37,22.840449929574984,54,17
SUPERMARKET_3_040,SUPERMARKET,Everyday Essentials,7,7.804144856213324,24,17
SUPERMARKET_1_012,SUPERMARKET,Everyday Essentials,34,19.956163018807928,51,17
HOME_&_GARDEN_1_449,HOME_&_GARDEN,Premium Niche,19,10.07788349106304,36,17
SUPERMARKET_3_011,SUPERMARKET,Everyday Essentials,16,13.86905197153992,33,17
HOME_&_GARDEN_2_186,HOME_&_GARDEN,Sporadic Sellers,8,3.815773508421704,25,17
HOME_&_GARDEN_1_238,HOME_&_GARDEN,Everyday Essentials,26,14.595325544115418,43,17
HOME_&_GARDEN_1_007,HOME_&_GARDEN,Everyday Essentials,12,13.211053800433652,29,17
SUPERMARKET_2_382,SUPERMARKET,Everyday Essentials,20,13.76924956915054,37,17
SUPERMARKET_2_379,SUPERMARKET,Sporadic Sellers,9,3.8850454041761378,26,17
SUPERMARKET_1_046,SUPERMARKET,Star Products,32,20.88307541138096,49,17
HOME_&_GARDEN_2_510,HOME_&_GARDEN,Everyday Essentials,24,17.22876234291126,41,17
HOME_&_GARDEN_2_507,HOME_&_GARDEN,Seasonal Spikes,17,11.248953651625614,34,17
SUPERMARKET_3_701,SUPERMARKET,Sporadic Sellers,30,12.919099502605318,47,17
SUPERMARKET_2_365,SUPERMARKET,Sporadic Sellers,14,6.091615654780579,31,17
SUPERMARKET_3_750,SUPERMARKET,Everyday Essentials,31,19.004274472437928,48,17
HOME_&_GARDEN_2_171,HOME_&_GARDEN,Sporadic Sellers,24,9.588197742812438,41,17
SUPERMARKET_2_291,SUPERMARKET,Everyday Essentials,23,12.854441573415862,40,17
HOME_&_GARDEN_1_298,HOME_&_GARDEN,Everyday Essentials,18,10.734480367327418,35,17
SUPERMARKET_2_282,SUPERMARKET,Everyday Essentials,7,7.393803124548026,24,17
SUPERMARKET_3_042,SUPERMARKET,Everyday Essentials,16,13.697938005664042,33,17
HOME_&_GARDEN_2_221,HOME_&_GARDEN,Sporadic Sellers,8,5.93316786186104,25,17
HOME_&_GARDEN_1_291,HOME_&_GARDEN,Everyday Essentials,33,18.115900800580743,49,16
SUPERMARKET_2_050,SUPERMARKET,Sporadic Sellers,22,7.562132961032342,38,16
HOME_&_GARDEN_2_395,HOME_&_GARDEN,Everyday Essentials,25,14.220415315377894,41,16
HOME_&_GARDEN_1_013,HOME_&_GARDEN,Everyday Essentials,13,9.133223690822586,29,16
SUPERMARKET_3_508,SUPERMARKET,Everyday Essentials,11,10.659020153668296,27,16
HOME_&_GARDEN_1_292,HOME_&_GARDEN,Everyday Essentials,22,12.774037297678216,38,16
SUPERMARKET_1_117,SUPERMARKET,Everyday Essentials,9,9.202200751488482,25,16
SUPERMARKET_2_185,SUPERMARKET,Sporadic Sellers,18,6.9588325896418635,34,16
SUPERMARKET_3_212,SUPERMARKET,Everyday Essentials,7,8.792375882510907,23,16
SUPERMARKET_3_496,SUPERMARKET,Everyday Essentials,18,10.565356046283991,34,16
SUPERMARKET_3_208,SUPERMARKET,Everyday Essentials,29,13.118492734712724,45,16
HOME_&_GARDEN_1_390,HOME_&_GARDEN,Sporadic Sellers,26,10.096057400220808,42,16
HOME_&_GARDEN_2_024,HOME_&_GARDEN,Sporadic Sellers,29,12.324666155389794,45,16
SUPERMARKET_3_497,SUPERMARKET,Everyday Essentials,27,14.386124199314654,43,16
SUPERMARKET_3_663,SUPERMARKET,Everyday Essentials,17,9.997504052542205,33,16
ACCESORIES_1_266,ACCESORIES,Everyday Essentials,19,12.534095520802374,35,16
SUPERMARKET_2_209,SUPERMARKET,Sporadic Sellers,28,7.651326628445422,44,16
SUPERMARKET_2_247,SUPERMARKET,Everyday Essentials,16,14.012997479923056,32,16
HOME_&_GARDEN_1_420,HOME_&_GARDEN,Sporadic Sellers,10,7.341101489418609,26,16
ACCESORIES_1_349,ACCESORIES,Premium Niche,26,11.28835591964456,42,16
SUPERMARKET_3_805,SUPERMARKET,Everyday Essentials,10,9.30001803088174,26,16
HOME_&_GARDEN_2_072,HOME_&_GARDEN,Sporadic Sellers,14,7.096182072349427,30,16
HOME_&_GARDEN_1_142,HOME_&_GARDEN,Everyday Essentials,14,9.832415049676678,30,16
HOME_&_GARDEN_2_050,HOME_&_GARDEN,Everyday Essentials,7,7.986151688447361,23,16
SUPERMARKET_1_175,SUPERMARKET,Everyday Essentials,9,8.019686734046891,25,16
ACCESORIES_1_037,ACCESORIES,Premium Niche,13,10.210649817887218,29,16
SUPERMARKET_3_777,SUPERMARKET,Sporadic Sellers,17,6.562459394297422,33,16
SUPERMARKET_1_145,SUPERMARKET,Everyday Essentials,21,13.47400765131797,37,16
HOME_&_GARDEN_1_157,HOME_&_GARDEN,Seasonal Spikes,14,8.828066552320049,30,16
SUPERMARKET_2_001,SUPERMARKET,Sporadic Sellers,16,9.717494427783118,32,16
SUPERMARKET_3_396,SUPERMARKET,Premium Niche,13,8.319509493086773,29,16
HOME_&_GARDEN_1_005,HOME_&_GARDEN,Premium Niche,11,10.284462015762472,27,16
SUPERMARKET_3_242,SUPERMARKET,Everyday Essentials,14,13.309509009421522,30,16
HOME_&_GARDEN_1_010,HOME_&_GARDEN,Sporadic Sellers,21,8.743799753996742,37,16
ACCESORIES_1_201,ACCESORIES,Everyday Essentials,15,14.034367462567708,31,16
HOME_&_GARDEN_1_169,HOME_&_GARDEN,Everyday Essentials,35,16.482218411630168,51,16
SUPERMARKET_3_417,SUPERMARKET,Seasonal Spikes,8,5.036150958375325,24,16
SUPERMARKET_3_662,SUPERMARKET,Sporadic Sellers,24,8.277415780893135,40,16
HOME_&_GARDEN_1_028,HOME_&_GARDEN,Everyday Essentials,21,14.652275082486648,37,16
SUPERMARKET_3_585,SUPERMARKET,Everyday Essentials,16,12.60630911577371,32,16
HOME_&_GARDEN_2_375,HOME_&_GARDEN,Everyday Essentials,16,10.430981770753233,32,16
SUPERMARKET_3_624,SUPERMARKET,Everyday Essentials,13,9.54703618290499,29,16
SUPERMARKET_3_641,SUPERMARKET,Sporadic Sellers,25,10.674598208679631,41,16
HOME_&_GARDEN_1_519,HOME_&_GARDEN,Everyday Essentials,17,14.104736083858336,33,16
HOME_&_GARDEN_1_030,HOME_&_GARDEN,Everyday Essentials,11,9.79080626172254,27,16
ACCESORIES_1_126,ACCESORIES,Premium Niche,9,5.64104000610286,25,16
SUPERMARKET_3_582,SUPERMARKET,Everyday Essentials,6,7.226071423525131,22,16
SUPERMARKET_3_102,SUPERMARKET,Everyday Essentials,8,8.48799070089526,24,16
HOME_&_GARDEN_1_185,HOME_&_GARDEN,Sporadic Sellers,35,14.405080278174742,51,16
SUPERMARKET_3_604,SUPERMARKET,Sporadic Sellers,34,15.425579381661253,50,16
SUPERMARKET_3_014,SUPERMARKET,Everyday Essentials,13,10.066677958848912,29,16
HOME_&_GARDEN_1_197,HOME_&_GARDEN,Everyday Essentials,9,12.887934847635112,25,16
SUPERMARKET_2_147,SUPERMARKET,Sporadic Sellers,15,6.094236124165678,31,16
SUPERMARKET_1_047,SUPERMARKET,Everyday Essentials,36,18.32567058011107,52,16
HOME_&_GARDEN_1_372,HOME_&_GARDEN,Everyday Essentials,29,18.443339243569273,45,16
SUPERMARKET_2_141,SUPERMARKET,Everyday Essentials,14,11.27865070958713,30,16
SUPERMARKET_3_122,SUPERMARKET,Sporadic Sellers,7,6.153090152005745,23,16
HOME_&_GARDEN_1_523,HOME_&_GARDEN,Premium Niche,8,4.464392658496664,24,16
SUPERMARKET_3_057,SUPERMARKET,Sporadic Sellers,19,9.65219283447101,35,16
HOME_&_GARDEN_1_539,HOME_&_GARDEN,Everyday Essentials,21,17.81125102588256,37,16
ACCESORIES_1_074,ACCESORIES,Everyday Essentials,30,20.047976204570137,46,16
HOME_&_GARDEN_1_321,HOME_&_GARDEN,Everyday Essentials,12,10.891788831047066,28,16
SUPERMARKET_3_063,SUPERMARKET,Everyday Essentials,19,14.046882144417468,35,16
ACCESORIES_1_185,ACCESORIES,Everyday Essentials,8,8.345824660504226,24,16
SUPERMARKET_2_137,SUPERMARKET,Everyday Essentials,18,11.95238444517308,34,16
HOME_&_GARDEN_1_485,HOME_&_GARDEN,Everyday Essentials,9,9.940858887742554,25,16
ACCESORIES_1_178,ACCESORIES,Everyday Essentials,30,19.78220144383448,46,16
SUPERMARKET_3_564,SUPERMARKET,Sporadic Sellers,11,7.405326112713919,27,16
SUPERMARKET_3_132,SUPERMARKET,Everyday Essentials,20,14.483739717094316,36,16
ACCESORIES_2_059,ACCESORIES,Everyday Essentials,6,5.999689330155519,21,15
SUPERMARKET_3_280,SUPERMARKET,Everyday Essentials,8,8.278951415380103,23,15
HOME_&_GARDEN_2_217,HOME_&_GARDEN,Everyday Essentials,6,9.173758335448335,21,15
HOME_&_GARDEN_2_140,HOME_&_GARDEN,Everyday Essentials,8,9.877453712699296,23,15
SUPERMARKET_3_051,SUPERMARKET,Sporadic Sellers,14,8.48676555829354,29,15
HOME_&_GARDEN_2_196,HOME_&_GARDEN,Sporadic Sellers,14,8.21722098332465,29,15
HOME_&_GARDEN_1_127,HOME_&_GARDEN,Everyday Essentials,13,10.193402315418275,28,15
SUPERMARKET_2_219,SUPERMARKET,Everyday Essentials,18,10.776938362809254,33,15
SUPERMARKET_2_144,SUPERMARKET,Everyday Essentials,12,9.209228450800882,27,15
SUPERMARKET_2_218,SUPERMARKET,Everyday Essentials,18,11.184782115763676,33,15
ACCESORIES_1_416,ACCESORIES,Everyday Essentials,16,14.12021975853624,31,15
SUPERMARKET_2_321,SUPERMARKET,Everyday Essentials,15,11.389489498440634,30,15
ACCESORIES_1_374,ACCESORIES,Premium Niche,9,8.06370710082161,24,15
HOME_&_GARDEN_2_282,HOME_&_GARDEN,Seasonal Spikes,30,12.620965288053076,45,15
SUPERMARKET_2_072,SUPERMARKET,Everyday Essentials,7,7.128340489973873,22,15
SUPERMARKET_2_367,SUPERMARKET,Everyday Essentials,9,8.680828933722298,24,15
SUPERMARKET_2_182,SUPERMARKET,Everyday Essentials,15,11.80738369367998,30,15
SUPERMARKET_3_207,SUPERMARKET,Everyday Essentials,10,9.352556161106842,25,15
HOME_&_GARDEN_1_077,HOME_&_GARDEN,Everyday Essentials,10,8.179614009068471,25,15
SUPERMARKET_2_026,SUPERMARKET,Everyday Essentials,15,11.060038347084053,30,15
SUPERMARKET_2_359,SUPERMARKET,Everyday Essentials,27,13.652023699358676,42,15
SUPERMARKET_2_023,SUPERMARKET,Seasonal Spikes,22,7.209276840831615,37,15
SUPERMARKET_2_107,SUPERMARKET,Everyday Essentials,30,15.338777104076796,45,15
ACCESORIES_2_033,ACCESORIES,Everyday Essentials,20,12.12628965098883,35,15
SUPERMARKET_3_110,SUPERMARKET,Premium Niche,8,6.123004325745008,23,15
SUPERMARKET_3_003,SUPERMARKET,Seasonal Spikes,25,6.6323502512038015,40,15
SUPERMARKET_3_105,SUPERMARKET,Sporadic Sellers,14,7.079675143102881,29,15
SUPERMARKET_2_061,SUPERMARKET,Everyday Essentials,20,17.18957414005325,35,15
SUPERMARKET_3_027,SUPERMARKET,Seasonal Spikes,7,5.774462776216721,22,15
SUPERMARKET_2_130,SUPERMARKET,Sporadic Sellers,26,10.467823219256749,41,15
SUPERMARKET_3_250,SUPERMARKET,Everyday Essentials,16,11.63136506072203,31,15
SUPERMARKET_2_136,SUPERMARKET,Sporadic Sellers,9,6.3387852897533215,24,15
SUPERMARKET_3_100,SUPERMARKET,Everyday Essentials,28,13.291847758407483,43,15
ACCESORIES_1_320,ACCESORIES,Everyday Essentials,26,14.898569785153532,41,15
HOME_&_GARDEN_1_496,HOME_&_GARDEN,Sporadic Sellers,13,5.746472064587069,28,15
HOME_&_GARDEN_1_376,HOME_&_GARDEN,Everyday Essentials,9,10.685494115417043,24,15
SUPERMARKET_1_133,SUPERMARKET,Sporadic Sellers,6,4.688093938512468,21,15
SUPERMARKET_1_125,SUPERMARKET,Sporadic Sellers,18,7.929718441373776,33,15
SUPERMARKET_1_121,SUPERMARKET,Everyday Essentials,6,7.2416276076392,21,15
SUPERMARKET_3_495,SUPERMARKET,Everyday Essentials,11,9.38666012967366,26,15
HOME_&_GARDEN_1_445,HOME_&_GARDEN,Everyday Essentials,26,19.650618454876756,41,15
SUPERMARKET_1_015,SUPERMARKET,Sporadic Sellers,33,12.280548765471773,48,15
SUPERMARKET_3_742,SUPERMARKET,Everyday Essentials,30,14.81518794821011,45,15
HOME_&_GARDEN_1_393,HOME_&_GARDEN,Everyday Essentials,17,11.374989722723202,32,15
SUPERMARKET_3_727,SUPERMARKET,Everyday Essentials,11,9.646412582168583,26,15
SUPERMARKET_3_721,SUPERMARKET,Everyday Essentials,10,8.656873103498159,25,15
SUPERMARKET_3_533,SUPERMARKET,Everyday Essentials,8,11.4203260044712,23,15
SUPERMARKET_1_041,SUPERMARKET,Everyday Essentials,15,10.640137064089178,30,15
HOME_&_GARDEN_2_349,HOME_&_GARDEN,Everyday Essentials,12,9.618437438670068,27,15
SUPERMARKET_1_090,SUPERMARKET,Seasonal Spikes,26,12.779895855389816,41,15
ACCESORIES_1_161,ACCESORIES,Sporadic Sellers,13,6.140535671881834,28,15
ACCESORIES_1_080,ACCESORIES,Everyday Essentials,7,7.647796482192645,22,15
HOME_&_GARDEN_1_471,HOME_&_GARDEN,Everyday Essentials,6,7.026117459315523,21,15
HOME_&_GARDEN_1_510,HOME_&_GARDEN,Everyday Essentials,30,17.775775054239578,45,15
SUPERMARKET_3_605,SUPERMARKET,Seasonal Spikes,9,7.045543603216944,24,15
SUPERMARKET_3_613,SUPERMARKET,Sporadic Sellers,11,4.790695327750907,26,15
SUPERMARKET_3_615,SUPERMARKET,Everyday Essentials,7,8.928804184119091,22,15
SUPERMARKET_1_074,SUPERMARKET,Everyday Essentials,20,12.401093613005544,35,15
SUPERMARKET_1_078,SUPERMARKET,Sporadic Sellers,12,6.921998301193099,27,15
SUPERMARKET_3_631,SUPERMARKET,Everyday Essentials,12,11.414839286366854,27,15
HOME_&_GARDEN_1_267,HOME_&_GARDEN,Sporadic Sellers,6,4.768941263461536,21,15
SUPERMARKET_3_632,SUPERMARKET,Everyday Essentials,32,19.257107729902916,47,15
ACCESORIES_1_246,ACCESORIES,Premium Niche,16,6.82938954132616,31,15
HOME_&_GARDEN_1_428,HOME_&_GARDEN,Everyday Essentials,6,7.254415004536455,21,15
SUPERMARKET_3_775,SUPERMARKET,Everyday Essentials,7,8.06151183278749,22,15
SUPERMARKET_1_178,SUPERMARKET,Everyday Essentials,7,8.312198424831479,22,15
SUPERMARKET_3_371,SUPERMARKET,Sporadic Sellers,10,5.187905930367123,25,15
SUPERMARKET_1_186,SUPERMARKET,Everyday Essentials,10,7.655145932655847,25,15
SUPERMARKET_3_385,SUPERMARKET,Everyday Essentials,19,14.391551944079929,34,15
HOME_&_GARDEN_2_470,HOME_&_GARDEN,Everyday Essentials,9,10.957566048514895,24,15
SUPERMARKET_3_366,SUPERMARKET,Sporadic Sellers,8,4.336510445928675,23,15
SUPERMARKET_1_191,SUPERMARKET,Everyday Essentials,18,10.352705865665314,33,15
SUPERMARKET_3_356,SUPERMARKET,Everyday Essentials,13,12.558860065693755,28,15
SUPERMARKET_3_815,SUPERMARKET,Sporadic Sellers,7,5.064657565514898,22,15
HOME_&_GARDEN_1_137,HOME_&_GARDEN,Premium Niche,13,5.434477531141861,28,15
SUPERMARKET_1_134,SUPERMARKET,Sporadic Sellers,14,8.034534364675343,29,15
ACCESORIES_1_258,ACCESORIES,Premium Niche,7,9.27667793960494,22,15
SUPERMARKET_2_151,SUPERMARKET,Sporadic Sellers,13,7.30062175527493,27,14
SUPERMARKET_2_173,SUPERMARKET,Everyday Essentials,25,14.352087344203731,39,14
SUPERMARKET_3_058,SUPERMARKET,Sporadic Sellers,28,12.550937170446344,42,14
SUPERMARKET_2_242,SUPERMARKET,Everyday Essentials,13,9.268874655645652,27,14
SUPERMARKET_2_157,SUPERMARKET,Everyday Essentials,7,7.198010771605481,21,14
ACCESORIES_1_104,ACCESORIES,Premium Niche,6,4.962961736989101,20,14
SUPERMARKET_1_065,SUPERMARKET,Everyday Essentials,17,10.18696597093366,31,14
ACCESORIES_2_149,ACCESORIES,Sporadic Sellers,9,4.713438718797323,23,14
SUPERMARKET_3_054,SUPERMARKET,Everyday Essentials,8,8.88177480213575,22,14
SUPERMARKET_3_704,SUPERMARKET,Everyday Essentials,20,16.82959127935422,34,14
SUPERMARKET_2_216,SUPERMARKET,Everyday Essentials,14,9.569160866045934,28,14
ACCESORIES_1_086,ACCESORIES,Everyday Essentials,11,10.838336819922976,25,14
HOME_&_GARDEN_2_423,HOME_&_GARDEN,Everyday Essentials,17,10.441152359165953,31,14
SUPERMARKET_2_180,SUPERMARKET,Sporadic Sellers,12,7.422017753927035,26,14
SUPERMARKET_2_176,SUPERMARKET,Everyday Essentials,10,7.933618471812091,24,14
SUPERMARKET_2_210,SUPERMARKET,Sporadic Sellers,21,7.983564371438084,35,14
HOME_&_GARDEN_1_009,HOME_&_GARDEN,Premium Niche,17,7.60488376367728,31,14
SUPERMARKET_2_343,SUPERMARKET,Everyday Essentials,30,14.159787786156697,44,14
HOME_&_GARDEN_2_194,HOME_&_GARDEN,Sporadic Sellers,7,4.127280740543828,21,14
ACCESORIES_1_040,ACCESORIES,Premium Niche,26,13.31267700146175,40,14
HOME_&_GARDEN_2_199,HOME_&_GARDEN,Everyday Essentials,10,10.022761365174205,24,14
ACCESORIES_2_126,ACCESORIES,Sporadic Sellers,11,4.966048383140884,25,14
SUPERMARKET_2_345,SUPERMARKET,Sporadic Sellers,8,4.36940829870744,22,14
SUPERMARKET_3_643,SUPERMARKET,Sporadic Sellers,14,8.241391052438935,28,14
SUPERMARKET_2_213,SUPERMARKET,Sporadic Sellers,12,5.827494863496569,26,14
SUPERMARKET_2_393,SUPERMARKET,Sporadic Sellers,16,6.4271991984853765,30,14
ACCESORIES_1_066,ACCESORIES,Sporadic Sellers,25,7.720479908198353,39,14
HOME_&_GARDEN_1_231,HOME_&_GARDEN,Sporadic Sellers,9,5.649507226320354,23,14
SUPERMARKET_3_794,SUPERMARKET,Everyday Essentials,21,11.34095520689563,35,14
HOME_&_GARDEN_2_173,HOME_&_GARDEN,Seasonal Spikes,16,9.410607135218768,30,14
SUPERMARKET_2_376,SUPERMARKET,Everyday Essentials,7,7.742225135602062,21,14
SUPERMARKET_3_718,SUPERMARKET,Everyday Essentials,15,9.24215224700108,29,14
SUPERMARKET_3_716,SUPERMARKET,Everyday Essentials,13,10.424563971635568,27,14
ACCESORIES_2_091,ACCESORIES,Sporadic Sellers,6,5.26519868192853,20,14
SUPERMARKET_2_355,SUPERMARKET,Sporadic Sellers,15,6.802879780282052,29,14
HOME_&_GARDEN_1_135,HOME_&_GARDEN,Everyday Essentials,10,8.170249480234673,24,14
HOME_&_GARDEN_1_103,HOME_&_GARDEN,Everyday Essentials,12,9.74383217817164,26,14
SUPERMARKET_3_553,SUPERMARKET,Sporadic Sellers,11,7.338677194564451,25,14
ACCESORIES_1_297,ACCESORIES,Premium Niche,29,16.622289287614926,43,14
SUPERMARKET_3_520,SUPERMARKET,Everyday Essentials,11,10.523584347984729,25,14
HOME_&_GARDEN_1_109,HOME_&_GARDEN,Everyday Essentials,22,18.060056838889334,36,14
HOME_&_GARDEN_1_331,HOME_&_GARDEN,Everyday Essentials,7,8.200733308157119,21,14
SUPERMARKET_3_571,SUPERMARKET,Everyday Essentials,10,7.482537764846607,24,14
SUPERMARKET_1_156,SUPERMARKET,Everyday Essentials,19,9.710039678180118,33,14
SUPERMARKET_2_002,SUPERMARKET,Sporadic Sellers,18,9.115429290347864,32,14
ACCESORIES_1_194,ACCESORIES,Everyday Essentials,12,10.842574262288553,26,14
SUPERMARKET_3_443,SUPERMARKET,Seasonal Spikes,6,4.2252778589581075,20,14
HOME_&_GARDEN_1_308,HOME_&_GARDEN,Sporadic Sellers,14,5.196660862389641,28,14
SUPERMARKET_2_055,SUPERMARKET,Everyday Essentials,16,10.977672378051569,30,14
HOME_&_GARDEN_1_316,HOME_&_GARDEN,Everyday Essentials,13,12.340260411334253,27,14
HOME_&_GARDEN_2_283,HOME_&_GARDEN,Seasonal Spikes,8,5.8290573223228686,22,14
SUPERMARKET_1_153,SUPERMARKET,Everyday Essentials,12,9.870425135704153,26,14
SUPERMARKET_1_112,SUPERMARKET,Everyday Essentials,10,9.832323878769126,24,14
HOME_&_GARDEN_1_314,HOME_&_GARDEN,Sporadic Sellers,19,6.519538675102647,33,14
HOME_&_GARDEN_2_369,HOME_&_GARDEN,Everyday Essentials,10,8.874186021240424,24,14
SUPERMARKET_3_115,SUPERMARKET,Everyday Essentials,9,10.152956543674266,23,14
ACCESORIES_1_298,ACCESORIES,Everyday Essentials,25,15.233144169828398,39,14
SUPERMARKET_3_338,SUPERMARKET,Sporadic Sellers,7,4.495336841718218,21,14
SUPERMARKET_3_082,SUPERMARKET,Everyday Essentials,7,7.017969250735599,21,14
SUPERMARKET_3_325,SUPERMARKET,Everyday Essentials,14,9.405882980161431,28,14
SUPERMARKET_3_626,SUPERMARKET,Sporadic Sellers,7,4.5718292114145385,21,14
HOME_&_GARDEN_1_301,HOME_&_GARDEN,Everyday Essentials,14,10.5698038120083,28,14
SUPERMARKET_2_135,SUPERMARKET,Everyday Essentials,8,7.773824097853373,22,14
HOME_&_GARDEN_1_346,HOME_&_GARDEN,Everyday Essentials,5,6.786079310088263,19,14
HOME_&_GARDEN_2_067,HOME_&_GARDEN,Seasonal Spikes,10,3.137646797594196,24,14
SUPERMARKET_2_123,SUPERMARKET,Sporadic Sellers,9,6.217143143894808,23,14
HOME_&_GARDEN_1_128,HOME_&_GARDEN,Everyday Essentials,28,17.7571152990799,42,14
SUPERMARKET_1_214,SUPERMARKET,Everyday Essentials,13,10.229559825827566,27,14
ACCESORIES_1_153,ACCESORIES,Everyday Essentials,11,10.10491639192233,25,14
ACCESORIES_1_228,ACCESORIES,Everyday Essentials,28,17.123907677442666,42,14
ACCESORIES_1_329,ACCESORIES,Everyday Essentials,24,16.09207952586691,38,14
HOME_&_GARDEN_1_341,HOME_&_GARDEN,Everyday Essentials,13,9.172118304766911,27,14
SUPERMARKET_3_291,SUPERMARKET,Everyday Essentials,26,17.47302026253642,40,14
HOME_&_GARDEN_2_299,HOME_&_GARDEN,Everyday Essentials,24,16.773225476633833,37,13
HOME_&_GARDEN_2_376,HOME_&_GARDEN,Everyday Essentials,6,8.008667867261455,19,13
HOME_&_GARDEN_2_501,HOME_&_GARDEN,Premium Niche,9,6.389037585978649,22,13
HOME_&_GARDEN_2_225,HOME_&_GARDEN,Sporadic Sellers,24,9.386171829239636,37,13
HOME_&_GARDEN_2_491,HOME_&_GARDEN,Seasonal Spikes,5,6.079084588200185,18,13
HOME_&_GARDEN_2_513,HOME_&_GARDEN,Sporadic Sellers,20,7.523846067341467,33,13
HOME_&_GARDEN_1_289,HOME_&_GARDEN,Everyday Essentials,16,11.710918461881278,29,13
HOME_&_GARDEN_2_452,HOME_&_GARDEN,Everyday Essentials,5,5.1023196443712715,18,13
SUPERMARKET_1_157,SUPERMARKET,Sporadic Sellers,7,4.633152866462622,20,13
HOME_&_GARDEN_1_088,HOME_&_GARDEN,Everyday Essentials,6,8.062162566786817,19,13
SUPERMARKET_1_014,SUPERMARKET,Everyday Essentials,11,8.103554488611296,24,13
SUPERMARKET_2_108,SUPERMARKET,Everyday Essentials,15,8.719192433476191,28,13
HOME_&_GARDEN_1_046,HOME_&_GARDEN,Everyday Essentials,11,10.24413531836018,24,13
HOME_&_GARDEN_1_044,HOME_&_GARDEN,Premium Niche,20,7.94947452048106,33,13
SUPERMARKET_1_089,SUPERMARKET,Sporadic Sellers,9,5.069874861595833,22,13
HOME_&_GARDEN_2_265,HOME_&_GARDEN,Everyday Essentials,6,6.11751547515611,19,13
SUPERMARKET_1_045,SUPERMARKET,Everyday Essentials,9,8.962403462605703,22,13
SUPERMARKET_2_158,SUPERMARKET,Seasonal Spikes,6,3.5386949738459057,19,13
SUPERMARKET_2_120,SUPERMARKET,Sporadic Sellers,9,6.593424683253696,22,13
HOME_&_GARDEN_1_032,HOME_&_GARDEN,Premium Niche,14,7.162184268338745,27,13
HOME_&_GARDEN_1_187,HOME_&_GARDEN,Sporadic Sellers,12,5.456287723598979,25,13
SUPERMARKET_2_190,SUPERMARKET,Everyday Essentials,8,6.906423372514868,21,13
SUPERMARKET_1_040,SUPERMARKET,Everyday Essentials,10,9.54509139658787,23,13
SUPERMARKET_2_089,SUPERMARKET,Sporadic Sellers,19,7.649206552697085,32,13
HOME_&_GARDEN_1_184,HOME_&_GARDEN,Premium Niche,16,8.870591349061424,29,13
SUPERMARKET_1_024,SUPERMARKET,Everyday Essentials,13,10.315511231587887,26,13
SUPERMARKET_2_069,SUPERMARKET,Premium Niche,7,5.62933304549969,20,13
HOME_&_GARDEN_2_256,HOME_&_GARDEN,Everyday Essentials,12,8.217351672158102,25,13
SUPERMARKET_2_186,SUPERMARKET,Sporadic Sellers,7,4.905121910410882,20,13
HOME_&_GARDEN_1_180,HOME_&_GARDEN,Everyday Essentials,8,7.809534847788284,21,13
SUPERMARKET_2_220,SUPERMARKET,Everyday Essentials,6,6.465649459919248,19,13
HOME_&_GARDEN_1_423,HOME_&_GARDEN,Sporadic Sellers,18,4.70940694754572,31,13
SUPERMARKET_3_270,SUPERMARKET,Sporadic Sellers,28,9.30313449178967,41,13
ACCESORIES_1_055,ACCESORIES,Everyday Essentials,9,9.323834804469517,22,13
HOME_&_GARDEN_1_450,HOME_&_GARDEN,Everyday Essentials,12,8.025709006357003,25,13
HOME_&_GARDEN_2_090,HOME_&_GARDEN,Everyday Essentials,6,6.283944375911913,19,13
SUPERMARKET_3_217,SUPERMARKET,Everyday Essentials,9,9.313417736175476,22,13
ACCESORIES_1_262,ACCESORIES,Premium Niche,11,6.186771170011889,24,13
HOME_&_GARDEN_1_470,HOME_&_GARDEN,Everyday Essentials,5,5.4392401294885095,18,13
HOME_&_GARDEN_1_478,HOME_&_GARDEN,Everyday Essentials,19,16.97945226583024,32,13
SUPERMARKET_3_065,SUPERMARKET,Everyday Essentials,7,7.550994115255262,20,13
SUPERMARKET_3_068,SUPERMARKET,Everyday Essentials,11,7.119151833615133,24,13
SUPERMARKET_3_659,SUPERMARKET,Everyday Essentials,5,5.7746293431974935,18,13
SUPERMARKET_3_091,SUPERMARKET,Everyday Essentials,22,11.295255580333178,35,13
SUPERMARKET_3_191,SUPERMARKET,Everyday Essentials,9,8.593728470617755,22,13
SUPERMARKET_3_637,SUPERMARKET,Everyday Essentials,5,5.438496896476472,18,13
SUPERMARKET_3_392,SUPERMARKET,Everyday Essentials,8,9.499480464365451,21,13
SUPERMARKET_3_402,SUPERMARKET,Everyday Essentials,8,6.19247934015587,21,13
SUPERMARKET_3_178,SUPERMARKET,Everyday Essentials,12,9.931066079793323,25,13
SUPERMARKET_3_577,SUPERMARKET,Everyday Essentials,9,9.958950908526424,22,13
ACCESORIES_2_032,ACCESORIES,Everyday Essentials,11,7.603419182651805,24,13
HOME_&_GARDEN_2_109,HOME_&_GARDEN,Sporadic Sellers,12,5.997902318194908,25,13
SUPERMARKET_3_504,SUPERMARKET,Everyday Essentials,26,13.538663492809729,39,13
ACCESORIES_2_024,ACCESORIES,Sporadic Sellers,22,7.9181398421630576,35,13
SUPERMARKET_3_424,SUPERMARKET,Everyday Essentials,9,8.384147268460447,22,13
ACCESORIES_1_231,ACCESORIES,Everyday Essentials,13,10.044366910287955,26,13
SUPERMARKET_3_463,SUPERMARKET,Everyday Essentials,14,7.254764320446023,27,13
SUPERMARKET_3_229,SUPERMARKET,Sporadic Sellers,8,5.2972313956361345,21,13
HOME_&_GARDEN_2_093,HOME_&_GARDEN,Seasonal Spikes,8,6.418473221206024,21,13
ACCESORIES_1_324,ACCESORIES,Premium Niche,15,11.67261834288654,28,13
HOME_&_GARDEN_1_412,HOME_&_GARDEN,Premium Niche,14,9.086017161012068,27,13
SUPERMARKET_2_245,SUPERMARKET,Everyday Essentials,17,12.342763247548264,30,13
SUPERMARKET_3_821,SUPERMARKET,Sporadic Sellers,14,8.200939814915523,27,13
SUPERMARKET_3_814,SUPERMARKET,Everyday Essentials,28,17.41742178914162,41,13
SUPERMARKET_2_275,SUPERMARKET,Everyday Essentials,9,7.33950803090233,22,13
SUPERMARKET_2_278,SUPERMARKET,Sporadic Sellers,18,6.813698151150559,31,13
SUPERMARKET_2_279,SUPERMARKET,Everyday Essentials,14,8.806682961594355,27,13
ACCESORIES_1_355,ACCESORIES,Everyday Essentials,17,11.608371033871096,30,13
HOME_&_GARDEN_2_068,HOME_&_GARDEN,Everyday Essentials,6,6.809712991774241,19,13
SUPERMARKET_2_284,SUPERMARKET,Everyday Essentials,6,5.578329253373855,19,13
ACCESORIES_2_124,ACCESORIES,Sporadic Sellers,10,5.8425962776999905,23,13
SUPERMARKET_3_240,SUPERMARKET,Sporadic Sellers,21,7.320146018950204,34,13
ACCESORIES_1_397,ACCESORIES,Sporadic Sellers,26,11.0593627467764,39,13
SUPERMARKET_2_333,SUPERMARKET,Everyday Essentials,25,14.423208412221513,38,13
SUPERMARKET_3_162,SUPERMARKET,Everyday Essentials,8,7.400877476424142,21,13
SUPERMARKET_3_759,SUPERMARKET,Sporadic Sellers,23,8.166173374614903,36,13
SUPERMARKET_2_344,SUPERMARKET,Everyday Essentials,19,11.360906143164812,32,13
SUPERMARKET_2_348,SUPERMARKET,Everyday Essentials,28,13.197137214829928,41,13
ACCESORIES_1_400,ACCESORIES,Everyday Essentials,10,8.39383546654306,23,13
SUPERMARKET_2_357,SUPERMARKET,Everyday Essentials,26,13.27118792384904,39,13
SUPERMARKET_2_238,SUPERMARKET,Sporadic Sellers,20,9.682418634967645,33,13
SUPERMARKET_3_334,SUPERMARKET,Everyday Essentials,23,12.141627756679794,36,13
SUPERMARKET_1_168,SUPERMARKET,Everyday Essentials,8,7.539866092228229,20,12
SUPERMARKET_1_176,SUPERMARKET,Sporadic Sellers,8,4.492967400246343,20,12
SUPERMARKET_3_434,SUPERMARKET,Everyday Essentials,8,6.7242686848685835,20,12
SUPERMARKET_1_179,SUPERMARKET,Sporadic Sellers,12,3.86643470551399,24,12
HOME_&_GARDEN_2_051,HOME_&_GARDEN,Premium Niche,6,4.606219094345347,18,12
SUPERMARKET_3_405,SUPERMARKET,Everyday Essentials,12,9.66096153534046,24,12
HOME_&_GARDEN_2_049,HOME_&_GARDEN,Everyday Essentials,6,6.051431048629849,18,12
SUPERMARKET_3_415,SUPERMARKET,Everyday Essentials,7,6.640949584821506,19,12
SUPERMARKET_3_324,SUPERMARKET,Everyday Essentials,23,13.103639053631394,35,12
HOME_&_GARDEN_1_312,HOME_&_GARDEN,Everyday Essentials,12,8.846441192212135,24,12
HOME_&_GARDEN_1_154,HOME_&_GARDEN,Sporadic Sellers,16,8.159024857617911,28,12
SUPERMARKET_3_358,SUPERMARKET,Sporadic Sellers,12,6.157484221488655,24,12
HOME_&_GARDEN_2_322,HOME_&_GARDEN,Everyday Essentials,21,10.61803154966218,33,12
SUPERMARKET_3_364,SUPERMARKET,Sporadic Sellers,14,5.364549438056255,26,12
SUPERMARKET_2_237,SUPERMARKET,Everyday Essentials,9,7.193076009225153,21,12
SUPERMARKET_3_453,SUPERMARKET,Sporadic Sellers,13,6.807022393833734,25,12
HOME_&_GARDEN_2_512,HOME_&_GARDEN,Everyday Essentials,6,7.166897843205258,18,12
SUPERMARKET_3_719,SUPERMARKET,Everyday Essentials,20,8.900828172666298,32,12
SUPERMARKET_3_730,SUPERMARKET,Everyday Essentials,10,10.578550445598704,22,12
SUPERMARKET_3_748,SUPERMARKET,Everyday Essentials,12,7.836218248541747,24,12
HOME_&_GARDEN_1_394,HOME_&_GARDEN,Everyday Essentials,11,7.769283691470142,23,12
SUPERMARKET_1_006,SUPERMARKET,Everyday Essentials,7,8.37425809798591,19,12
HOME_&_GARDEN_1_444,HOME_&_GARDEN,Sporadic Sellers,19,8.021830028345773,31,12
SUPERMARKET_3_761,SUPERMARKET,Sporadic Sellers,8,5.650662556435978,20,12
HOME_&_GARDEN_2_353,HOME_&_GARDEN,Everyday Essentials,10,7.535798634019094,22,12
SUPERMARKET_3_762,SUPERMARKET,Everyday Essentials,7,5.925126577890534,19,12
ACCESORIES_1_046,ACCESORIES,Premium Niche,11,4.764618503351022,23,12
HOME_&_GARDEN_2_409,HOME_&_GARDEN,Everyday Essentials,12,10.794231379316162,24,12
SUPERMARKET_3_791,SUPERMARKET,Everyday Essentials,19,10.52462354328921,31,12
SUPERMARKET_3_796,SUPERMARKET,Sporadic Sellers,8,2.7904151092676077,20,12
HOME_&_GARDEN_1_261,HOME_&_GARDEN,Everyday Essentials,8,6.081287782808479,20,12
SUPERMARKET_1_035,SUPERMARKET,Seasonal Spikes,26,9.60958566119659,38,12
HOME_&_GARDEN_1_268,HOME_&_GARDEN,Everyday Essentials,16,11.496446595154662,28,12
SUPERMARKET_1_039,SUPERMARKET,Sporadic Sellers,10,5.770072310408486,22,12
SUPERMARKET_3_712,SUPERMARKET,Everyday Essentials,23,13.395186295451792,35,12
SUPERMARKET_3_708,SUPERMARKET,Everyday Essentials,4,6.140034289234257,16,12
SUPERMARKET_1_049,SUPERMARKET,Everyday Essentials,5,5.554576060491845,17,12
SUPERMARKET_1_052,SUPERMARKET,Everyday Essentials,12,8.017791172123847,24,12
SUPERMARKET_3_680,SUPERMARKET,Everyday Essentials,7,6.284558163522221,19,12
SUPERMARKET_3_656,SUPERMARKET,Everyday Essentials,9,7.665818052402239,21,12
HOME_&_GARDEN_1_362,HOME_&_GARDEN,Everyday Essentials,5,6.819996530697308,17,12
HOME_&_GARDEN_2_313,HOME_&_GARDEN,Sporadic Sellers,11,5.349888606385233,23,12
HOME_&_GARDEN_1_333,HOME_&_GARDEN,Everyday Essentials,11,6.744785372799779,23,12
HOME_&_GARDEN_1_188,HOME_&_GARDEN,Everyday Essentials,16,12.28621395958424,28,12
HOME_&_GARDEN_1_522,HOME_&_GARDEN,Everyday Essentials,4,6.980606125392966,16,12
SUPERMARKET_3_531,SUPERMARKET,Sporadic Sellers,5,4.7338891975174855,17,12
HOME_&_GARDEN_2_359,HOME_&_GARDEN,Sporadic Sellers,8,4.119398851541654,20,12
SUPERMARKET_3_480,SUPERMARKET,Everyday Essentials,17,11.089963187317707,29,12
SUPERMARKET_3_611,SUPERMARKET,Everyday Essentials,6,5.986026331444025,18,12
HOME_&_GARDEN_2_059,HOME_&_GARDEN,Everyday Essentials,12,9.32863098564445,24,12
HOME_&_GARDEN_2_078,HOME_&_GARDEN,Seasonal Spikes,6,4.903124204065492,18,12
HOME_&_GARDEN_1_038,HOME_&_GARDEN,Everyday Essentials,17,13.90112520344444,29,12
HOME_&_GARDEN_1_302,HOME_&_GARDEN,Premium Niche,9,6.308477312995734,21,12
HOME_&_GARDEN_2_273,HOME_&_GARDEN,Everyday Essentials,7,6.330107600673903,19,12
SUPERMARKET_2_104,SUPERMARKET,Everyday Essentials,13,8.156815971348749,25,12
ACCESORIES_2_036,ACCESORIES,Everyday Essentials,10,8.267353832029997,22,12
HOME_&_GARDEN_2_267,HOME_&_GARDEN,Everyday Essentials,9,6.46269259504742,21,12
SUPERMARKET_3_092,SUPERMARKET,Everyday Essentials,24,12.8727337823184,36,12
SUPERMARKET_3_088,SUPERMARKET,Sporadic Sellers,9,4.494720080843594,21,12
SUPERMARKET_2_142,SUPERMARKET,Everyday Essentials,11,8.17729589984566,23,12
SUPERMARKET_3_038,SUPERMARKET,Sporadic Sellers,10,4.204672833189814,22,12
HOME_&_GARDEN_2_432,HOME_&_GARDEN,Sporadic Sellers,10,4.634287254133956,22,12
SUPERMARKET_3_019,SUPERMARKET,Everyday Essentials,7,7.522895307115391,19,12
SUPERMARKET_3_018,SUPERMARKET,Sporadic Sellers,21,7.15987655390586,33,12
ACCESORIES_1_423,ACCESORIES,Everyday Essentials,13,10.089320744019526,25,12
HOME_&_GARDEN_2_160,HOME_&_GARDEN,Everyday Essentials,17,11.217205449775165,29,12
SUPERMARKET_3_009,SUPERMARKET,Sporadic Sellers,5,3.5066541923916192,17,12
SUPERMARKET_2_394,SUPERMARKET,Sporadic Sellers,5,4.7344762310883395,17,12
HOME_&_GARDEN_2_239,HOME_&_GARDEN,Everyday Essentials,9,7.053571419025245,21,12
SUPERMARKET_2_373,SUPERMARKET,Everyday Essentials,10,8.10380243462652,22,12
HOME_&_GARDEN_2_178,HOME_&_GARDEN,Seasonal Spikes,7,6.6865295906570354,19,12
HOME_&_GARDEN_2_188,HOME_&_GARDEN,Sporadic Sellers,15,6.54676539927326,27,12
SUPERMARKET_2_340,SUPERMARKET,Everyday Essentials,20,12.244955147899445,32,12
SUPERMARKET_2_323,SUPERMARKET,Everyday Essentials,16,9.313470242028076,28,12
HOME_&_GARDEN_2_222,HOME_&_GARDEN,Everyday Essentials,17,10.637631020117654,29,12
ACCESORIES_2_142,ACCESORIES,Everyday Essentials,6,5.361611819773178,18,12
SUPERMARKET_2_088,SUPERMARKET,Everyday Essentials,8,6.475667270271066,20,12
SUPERMARKET_3_104,SUPERMARKET,Everyday Essentials,13,8.420702007950561,25,12
SUPERMARKET_3_033,SUPERMARKET,Sporadic Sellers,15,6.954471377499816,27,12
HOME_&_GARDEN_1_123,HOME_&_GARDEN,Premium Niche,6,4.621787974246075,18,12
ACCESORIES_1_415,ACCESORIES,Everyday Essentials,6,7.83400788882631,18,12
ACCESORIES_1_409,ACCESORIES,Everyday Essentials,8,8.620171370298369,20,12
HOME_&_GARDEN_1_122,HOME_&_GARDEN,Everyday Essentials,18,14.591058776759024,30,12
HOME_&_GARDEN_2_306,HOME_&_GARDEN,Sporadic Sellers,7,4.260147396947898,19,12
SUPERMARKET_2_018,SUPERMARKET,Everyday Essentials,6,5.163860834926205,18,12
HOME_&_GARDEN_2_466,HOME_&_GARDEN,Seasonal Spikes,7,5.789108063537401,18,11
SUPERMARKET_2_153,SUPERMARKET,Everyday Essentials,16,10.91407655398644,27,11
SUPERMARKET_3_004,SUPERMARKET,Sporadic Sellers,6,4.252850172719766,17,11
SUPERMARKET_1_182,SUPERMARKET,Everyday Essentials,21,11.892678151277902,32,11
SUPERMARKET_2_171,SUPERMARKET,Everyday Essentials,20,12.002961570023434,31,11
SUPERMARKET_3_733,SUPERMARKET,Sporadic Sellers,16,5.84687161594919,27,11
HOME_&_GARDEN_2_440,HOME_&_GARDEN,Everyday Essentials,16,8.064920973860431,27,11
SUPERMARKET_3_213,SUPERMARKET,Everyday Essentials,15,7.157280161992421,26,11
HOME_&_GARDEN_1_221,HOME_&_GARDEN,Premium Niche,11,6.030242194781774,22,11
SUPERMARKET_3_340,SUPERMARKET,Sporadic Sellers,20,8.935446533725548,31,11
HOME_&_GARDEN_1_219,HOME_&_GARDEN,Everyday Essentials,4,4.734305206915789,15,11
SUPERMARKET_3_209,SUPERMARKET,Sporadic Sellers,14,5.437703636661868,25,11
ACCESORIES_1_412,ACCESORIES,Everyday Essentials,24,11.04374122660382,35,11
SUPERMARKET_2_248,SUPERMARKET,Sporadic Sellers,23,8.371046635891197,34,11
SUPERMARKET_3_715,SUPERMARKET,Everyday Essentials,9,7.993892490773745,20,11
SUPERMARKET_3_031,SUPERMARKET,Everyday Essentials,15,9.056365351546784,26,11
SUPERMARKET_2_020,SUPERMARKET,Everyday Essentials,11,7.639804653092137,22,11
SUPERMARKET_2_385,SUPERMARKET,Everyday Essentials,23,10.885150948810765,34,11
HOME_&_GARDEN_2_467,HOME_&_GARDEN,Everyday Essentials,7,6.418684737261321,18,11
HOME_&_GARDEN_1_248,HOME_&_GARDEN,Everyday Essentials,7,6.613220527953846,18,11
HOME_&_GARDEN_2_469,HOME_&_GARDEN,Sporadic Sellers,20,6.08558651625158,31,11
ACCESORIES_2_129,ACCESORIES,Everyday Essentials,6,4.751944528131966,17,11
HOME_&_GARDEN_1_255,HOME_&_GARDEN,Everyday Essentials,4,5.968274277327255,15,11
HOME_&_GARDEN_2_485,HOME_&_GARDEN,Everyday Essentials,5,6.049621927534422,16,11
SUPERMARKET_2_297,SUPERMARKET,Everyday Essentials,6,5.409669937379334,17,11
HOME_&_GARDEN_2_496,HOME_&_GARDEN,Sporadic Sellers,9,5.708213834900327,20,11
ACCESORIES_1_334,ACCESORIES,Sporadic Sellers,6,4.032056624701435,17,11
SUPERMARKET_1_001,SUPERMARKET,Everyday Essentials,10,7.673912188520046,21,11
HOME_&_GARDEN_2_454,HOME_&_GARDEN,Sporadic Sellers,17,6.558681198629518,28,11
ACCESORIES_1_330,ACCESORIES,Everyday Essentials,5,6.537201592284598,16,11
SUPERMARKET_3_316,SUPERMARKET,Everyday Essentials,8,6.708473042827349,19,11
SUPERMARKET_2_366,SUPERMARKET,Sporadic Sellers,7,5.11704585070277,18,11
HOME_&_GARDEN_1_099,HOME_&_GARDEN,Everyday Essentials,5,5.454092194626387,16,11
ACCESORIES_2_090,ACCESORIES,Sporadic Sellers,13,4.43008759873538,24,11
SUPERMARKET_3_195,SUPERMARKET,Everyday Essentials,8,7.853771295947958,19,11
SUPERMARKET_3_410,SUPERMARKET,Everyday Essentials,5,5.760743081961341,16,11
SUPERMARKET_3_173,SUPERMARKET,Premium Niche,17,6.99939616174712,28,11
SUPERMARKET_2_143,SUPERMARKET,Everyday Essentials,6,6.417736081619865,17,11
SUPERMARKET_3_527,SUPERMARKET,Sporadic Sellers,9,4.913981873930563,20,11
SUPERMARKET_3_119,SUPERMARKET,Sporadic Sellers,14,4.947860972691752,25,11
ACCESORIES_1_208,ACCESORIES,Sporadic Sellers,9,5.166155693667042,20,11
HOME_&_GARDEN_1_162,HOME_&_GARDEN,Everyday Essentials,23,14.207045971843757,34,11
SUPERMARKET_3_486,SUPERMARKET,Everyday Essentials,11,7.3961284710450865,22,11
SUPERMARKET_3_189,SUPERMARKET,Sporadic Sellers,6,4.851958856274406,17,11
SUPERMARKET_2_093,SUPERMARKET,Everyday Essentials,16,9.332523898618083,27,11
SUPERMARKET_2_065,SUPERMARKET,Everyday Essentials,8,6.598764078789971,19,11
ACCESORIES_1_242,ACCESORIES,Everyday Essentials,14,10.087559342051696,25,11
SUPERMARKET_1_129,SUPERMARKET,Everyday Essentials,15,9.04123374398998,26,11
SUPERMARKET_3_465,SUPERMARKET,Sporadic Sellers,5,4.327330603103246,16,11
ACCESORIES_1_282,ACCESORIES,Everyday Essentials,16,9.17099567863389,27,11
SUPERMARKET_3_154,SUPERMARKET,Everyday Essentials,22,8.923625840464354,33,11
SUPERMARKET_3_156,SUPERMARKET,Everyday Essentials,14,10.935346226367946,25,11
SUPERMARKET_2_071,SUPERMARKET,Sporadic Sellers,13,3.7934202506781776,24,11
HOME_&_GARDEN_1_170,HOME_&_GARDEN,Everyday Essentials,19,11.358263123980036,30,11
SUPERMARKET_3_430,SUPERMARKET,Sporadic Sellers,10,5.262761517396104,21,11
SUPERMARKET_3_400,SUPERMARKET,Everyday Essentials,9,8.659661538160645,20,11
SUPERMARKET_1_111,SUPERMARKET,Sporadic Sellers,10,4.58133115264005,21,11
HOME_&_GARDEN_1_183,HOME_&_GARDEN,Sporadic Sellers,19,8.269113065998308,30,11
SUPERMARKET_3_620,SUPERMARKET,Everyday Essentials,8,6.33381370303312,19,11
HOME_&_GARDEN_1_215,HOME_&_GARDEN,Everyday Essentials,14,12.83117517735775,25,11
SUPERMARKET_2_138,SUPERMARKET,Everyday Essentials,21,12.581684274750693,32,11
SUPERMARKET_2_051,SUPERMARKET,Everyday Essentials,14,8.823343228467984,25,11
SUPERMARKET_3_089,SUPERMARKET,Everyday Essentials,11,8.80360699317611,22,11
SUPERMARKET_2_133,SUPERMARKET,Sporadic Sellers,10,6.096250501131074,21,11
HOME_&_GARDEN_1_095,HOME_&_GARDEN,Everyday Essentials,7,6.3430082450908145,18,11
SUPERMARKET_3_629,SUPERMARKET,Everyday Essentials,10,6.8539659714376135,21,11
SUPERMARKET_3_103,SUPERMARKET,Everyday Essentials,4,6.735408704791831,15,11
ACCESORIES_1_171,ACCESORIES,Sporadic Sellers,18,7.248264552821055,29,11
SUPERMARKET_3_593,SUPERMARKET,Everyday Essentials,14,7.636234085372664,25,11
SUPERMARKET_3_579,SUPERMARKET,Sporadic Sellers,8,4.7700105079140425,19,11
SUPERMARKET_3_255,SUPERMARKET,Sporadic Sellers,9,3.652895773143128,20,11
ACCESORIES_2_038,ACCESORIES,Sporadic Sellers,11,4.26002581110097,22,11
SUPERMARKET_3_111,SUPERMARKET,Sporadic Sellers,21,7.464289012722837,32,11
SUPERMARKET_2_057,SUPERMARKET,Sporadic Sellers,19,6.372793742429174,30,11
SUPERMARKET_1_103,SUPERMARKET,Everyday Essentials,11,7.68705932440768,22,11
SUPERMARKET_3_049,SUPERMARKET,Sporadic Sellers,9,5.607476909579537,20,11
SUPERMARKET_2_187,SUPERMARKET,Sporadic Sellers,5,3.4465883387070018,16,11
HOME_&_GARDEN_1_280,HOME_&_GARDEN,Everyday Essentials,9,7.018489320931587,20,11
HOME_&_GARDEN_2_159,HOME_&_GARDEN,Everyday Essentials,11,9.482856734616572,22,11
HOME_&_GARDEN_2_035,HOME_&_GARDEN,Everyday Essentials,16,8.255544778079074,27,11
HOME_&_GARDEN_2_113,HOME_&_GARDEN,Everyday Essentials,5,6.042885282527157,16,11
HOME_&_GARDEN_1_395,HOME_&_GARDEN,Everyday Essentials,9,7.300033097228725,20,11
HOME_&_GARDEN_1_332,HOME_&_GARDEN,Premium Niche,12,5.386949389922967,23,11
HOME_&_GARDEN_1_296,HOME_&_GARDEN,Sporadic Sellers,11,5.6248218359847035,22,11
HOME_&_GARDEN_2_075,HOME_&_GARDEN,Everyday Essentials,9,8.475980885607054,20,11
HOME_&_GARDEN_2_143,HOME_&_GARDEN,Everyday Essentials,7,6.153308542312064,18,11
HOME_&_GARDEN_2_074,HOME_&_GARDEN,Everyday Essentials,12,9.614937229311684,23,11
HOME_&_GARDEN_1_374,HOME_&_GARDEN,Everyday Essentials,5,5.708115387327881,16,11
HOME_&_GARDEN_1_507,HOME_&_GARDEN,Everyday Essentials,14,9.458851657195666,25,11
HOME_&_GARDEN_2_120,HOME_&_GARDEN,Sporadic Sellers,12,3.8961316275748623,23,11
HOME_&_GARDEN_2_402,HOME_&_GARDEN,Sporadic Sellers,12,5.536376853196449,23,11
HOME_&_GARDEN_2_403,HOME_&_GARDEN,Everyday Essentials,10,7.200318308082202,21,11
HOME_&_GARDEN_2_404,HOME_&_GARDEN,Sporadic Sellers,12,5.3171539114235244,23,11
HOME_&_GARDEN_2_201,HOME_&_GARDEN,Everyday Essentials,6,7.379649608346039,17,11
HOME_&_GARDEN_1_288,HOME_&_GARDEN,Everyday Essentials,6,6.0851316447502874,17,11
HOME_&_GARDEN_1_363,HOME_&_GARDEN,Everyday Essentials,5,5.219537074295663,16,11
HOME_&_GARDEN_2_324,HOME_&_GARDEN,Premium Niche,4,5.147058992155608,15,11
HOME_&_GARDEN_2_083,HOME_&_GARDEN,Seasonal Spikes,19,7.146362294204181,30,11
HOME_&_GARDEN_2_277,HOME_&_GARDEN,Sporadic Sellers,22,8.18942379197895,33,11
HOME_&_GARDEN_1_426,HOME_&_GARDEN,Everyday Essentials,13,9.193995475742229,24,11
HOME_&_GARDEN_2_232,HOME_&_GARDEN,Everyday Essentials,7,6.244057071313969,18,11
HOME_&_GARDEN_1_270,HOME_&_GARDEN,Premium Niche,17,10.598387893488756,28,11
SUPERMARKET_2_087,SUPERMARKET,Premium Niche,5,4.025563426799271,15,10
SUPERMARKET_2_338,SUPERMARKET,Sporadic Sellers,21,9.271480353558657,31,10
SUPERMARKET_1_127,SUPERMARKET,Everyday Essentials,20,11.963484140377446,30,10
HOME_&_GARDEN_2_295,HOME_&_GARDEN,Everyday Essentials,8,6.634067154543493,18,10
SUPERMARKET_3_606,SUPERMARKET,Sporadic Sellers,18,8.102849115823405,28,10
HOME_&_GARDEN_2_396,HOME_&_GARDEN,Sporadic Sellers,5,2.5667298554091564,15,10
SUPERMARKET_2_109,SUPERMARKET,Everyday Essentials,17,9.860653032056064,27,10
SUPERMARKET_3_472,SUPERMARKET,Seasonal Spikes,5,2.358662450069079,15,10
ACCESORIES_1_137,ACCESORIES,Premium Niche,6,5.724994972633295,16,10
SUPERMARKET_1_066,SUPERMARKET,Everyday Essentials,6,6.5624605353725896,16,10
SUPERMARKET_2_391,SUPERMARKET,Everyday Essentials,11,8.422977077066783,21,10
ACCESORIES_1_321,ACCESORIES,Everyday Essentials,10,8.477852041517925,20,10
SUPERMARKET_1_010,SUPERMARKET,Sporadic Sellers,4,3.9889776389649825,14,10
SUPERMARKET_1_131,SUPERMARKET,Sporadic Sellers,12,3.527122160702459,22,10
HOME_&_GARDEN_2_058,HOME_&_GARDEN,Premium Niche,8,4.526717529191812,18,10
SUPERMARKET_1_003,SUPERMARKET,Everyday Essentials,5,5.471487434320503,15,10
SUPERMARKET_3_464,SUPERMARKET,Everyday Essentials,13,7.628922575345458,23,10
HOME_&_GARDEN_1_355,HOME_&_GARDEN,Premium Niche,21,8.63527013630376,31,10
SUPERMARKET_2_077,SUPERMARKET,Seasonal Spikes,4,3.080944614379325,14,10
HOME_&_GARDEN_2_025,HOME_&_GARDEN,Everyday Essentials,6,6.030478733327559,16,10
SUPERMARKET_1_076,SUPERMARKET,Everyday Essentials,12,8.511274561987362,22,10
SUPERMARKET_3_312,SUPERMARKET,Sporadic Sellers,13,6.233370626416631,23,10
ACCESORIES_1_264,ACCESORIES,Everyday Essentials,7,6.332927257492397,17,10
ACCESORIES_1_149,ACCESORIES,Everyday Essentials,5,5.449692123628375,15,10
HOME_&_GARDEN_2_046,HOME_&_GARDEN,Sporadic Sellers,8,4.509772644121825,18,10
SUPERMARKET_2_397,SUPERMARKET,Everyday Essentials,12,7.216757939107537,22,10
SUPERMARKET_3_352,SUPERMARKET,Everyday Essentials,7,5.347742830253599,17,10
ACCESORIES_1_281,ACCESORIES,Everyday Essentials,15,8.311578560525684,25,10
ACCESORIES_1_210,ACCESORIES,Everyday Essentials,7,5.270736453415784,17,10
ACCESORIES_1_206,ACCESORIES,Sporadic Sellers,12,4.821859613961739,22,10
SUPERMARKET_1_050,SUPERMARKET,Everyday Essentials,9,5.792854578112038,19,10
SUPERMARKET_3_411,SUPERMARKET,Everyday Essentials,5,6.059876317264344,15,10
HOME_&_GARDEN_2_033,HOME_&_GARDEN,Everyday Essentials,3,4.629109084623705,13,10
SUPERMARKET_1_101,SUPERMARKET,Everyday Essentials,15,8.490863315802862,25,10
SUPERMARKET_2_322,SUPERMARKET,Everyday Essentials,18,10.116121864830378,28,10
SUPERMARKET_2_335,SUPERMARKET,Everyday Essentials,7,5.494381785641647,17,10
HOME_&_GARDEN_1_190,HOME_&_GARDEN,Sporadic Sellers,18,6.758268347631388,28,10
SUPERMARKET_1_059,SUPERMARKET,Sporadic Sellers,11,5.708472017409999,21,10
SUPERMARKET_3_025,SUPERMARKET,Everyday Essentials,12,7.724833713184193,22,10
ACCESORIES_1_183,ACCESORIES,Premium Niche,6,4.1306482911198055,16,10
HOME_&_GARDEN_1_182,HOME_&_GARDEN,Everyday Essentials,7,6.442174353490198,17,10
ACCESORIES_1_300,ACCESORIES,Premium Niche,13,8.157459398938629,23,10
HOME_&_GARDEN_1_325,HOME_&_GARDEN,Everyday Essentials,4,4.620871664674695,14,10
SUPERMARKET_1_146,SUPERMARKET,Everyday Essentials,6,5.2943396253055415,16,10
ACCESORIES_1_173,ACCESORIES,Premium Niche,18,9.808083238824594,28,10
SUPERMARKET_1_212,SUPERMARKET,Sporadic Sellers,7,4.724719334463832,17,10
ACCESORIES_1_169,ACCESORIES,Everyday Essentials,14,8.449120867067094,24,10
SUPERMARKET_3_576,SUPERMARKET,Sporadic Sellers,8,4.729670754868651,18,10
HOME_&_GARDEN_2_012,HOME_&_GARDEN,Everyday Essentials,7,5.507770983596023,17,10
SUPERMARKET_3_029,SUPERMARKET,Everyday Essentials,17,10.752653161266531,27,10
SUPERMARKET_2_044,SUPERMARKET,Everyday Essentials,13,7.263935856466862,23,10
ACCESORIES_1_154,ACCESORIES,Everyday Essentials,12,7.482644959897596,22,10
HOME_&_GARDEN_1_281,HOME_&_GARDEN,Everyday Essentials,12,7.959337733811411,22,10
SUPERMARKET_3_180,SUPERMARKET,Sporadic Sellers,8,4.215773479688844,18,10
SUPERMARKET_3_450,SUPERMARKET,Everyday Essentials,15,11.713918164827168,25,10
SUPERMARKET_3_197,SUPERMARKET,Everyday Essentials,10,6.202463572669755,20,10
HOME_&_GARDEN_2_114,HOME_&_GARDEN,Sporadic Sellers,17,5.649067920631163,27,10
HOME_&_GARDEN_1_380,HOME_&_GARDEN,Sporadic Sellers,6,4.821351307716182,16,10
HOME_&_GARDEN_1_012,HOME_&_GARDEN,Everyday Essentials,14,7.997793923511546,24,10
SUPERMARKET_2_232,SUPERMARKET,Everyday Essentials,17,9.447627714035074,27,10
SUPERMARKET_2_015,SUPERMARKET,Sporadic Sellers,7,3.729282840466108,17,10
HOME_&_GARDEN_2_442,HOME_&_GARDEN,Everyday Essentials,11,8.756664093501454,21,10
SUPERMARKET_1_202,SUPERMARKET,Everyday Essentials,11,6.83149309421503,21,10
HOME_&_GARDEN_1_454,HOME_&_GARDEN,Everyday Essentials,8,5.981773599260317,18,10
SUPERMARKET_3_170,SUPERMARKET,Sporadic Sellers,15,7.382409307159686,25,10
SUPERMARKET_2_198,SUPERMARKET,Premium Niche,6,4.607421902677299,16,10
SUPERMARKET_3_749,SUPERMARKET,Sporadic Sellers,18,8.121115631386392,28,10
SUPERMARKET_1_167,SUPERMARKET,Everyday Essentials,6,6.342953534627911,16,10
SUPERMARKET_3_657,SUPERMARKET,Everyday Essentials,14,8.306913118158217,24,10
SUPERMARKET_2_217,SUPERMARKET,Everyday Essentials,10,7.280696632308071,20,10
SUPERMARKET_3_199,SUPERMARKET,Everyday Essentials,21,10.539998655678527,31,10
SUPERMARKET_3_153,SUPERMARKET,Sporadic Sellers,6,4.379453796755277,16,10
SUPERMARKET_3_204,SUPERMARKET,Sporadic Sellers,7,4.925009084470835,17,10
SUPERMARKET_3_168,SUPERMARKET,Everyday Essentials,7,6.618730010479764,17,10
SUPERMARKET_2_208,SUPERMARKET,Everyday Essentials,11,7.432401869425721,21,10
SUPERMARKET_3_766,SUPERMARKET,Everyday Essentials,22,11.545997941984178,32,10
SUPERMARKET_3_225,SUPERMARKET,Everyday Essentials,13,9.88271930962509,23,10
HOME_&_GARDEN_1_405,HOME_&_GARDEN,Sporadic Sellers,14,5.8111728635070445,24,10
HOME_&_GARDEN_2_438,HOME_&_GARDEN,Everyday Essentials,15,10.561607099708656,25,10
HOME_&_GARDEN_1_460,HOME_&_GARDEN,Everyday Essentials,8,7.545913479663101,18,10
HOME_&_GARDEN_1_424,HOME_&_GARDEN,Everyday Essentials,10,7.0239230936713275,20,10
HOME_&_GARDEN_2_236,HOME_&_GARDEN,Premium Niche,4,4.6623952735337975,14,10
SUPERMARKET_2_122,SUPERMARKET,Everyday Essentials,7,5.582737708952452,17,10
SUPERMARKET_2_168,SUPERMARKET,Sporadic Sellers,10,4.360749335383113,20,10
HOME_&_GARDEN_2_408,HOME_&_GARDEN,Everyday Essentials,15,8.961346203070088,25,10
SUPERMARKET_1_213,SUPERMARKET,Everyday Essentials,6,6.125499665516345,16,10
SUPERMARKET_1_151,SUPERMARKET,Premium Niche,7,4.405241162113982,17,10
HOME_&_GARDEN_2_498,HOME_&_GARDEN,Sporadic Sellers,4,2.6780435695308507,14,10
SUPERMARKET_3_671,SUPERMARKET,Everyday Essentials,4,5.750320293547281,14,10
ACCESORIES_1_009,ACCESORIES,Everyday Essentials,6,6.236844664637787,16,10
SUPERMARKET_1_152,SUPERMARKET,Everyday Essentials,7,6.680190357698426,17,10
HOME_&_GARDEN_2_315,HOME_&_GARDEN,Everyday Essentials,7,6.524364294816255,17,10
ACCESORIES_1_079,ACCESORIES,Everyday Essentials,10,8.46764493173328,20,10
SUPERMARKET_3_175,SUPERMARKET,Everyday Essentials,19,9.006322998675193,29,10
ACCESORIES_1_421,ACCESORIES,Premium Niche,13,6.6729617488118835,23,10
HOME_&_GARDEN_1_129,HOME_&_GARDEN,Everyday Essentials,19,14.052153163427622,29,10
ACCESORIES_1_017,ACCESORIES,Everyday Essentials,15,9.450717371465345,25,10
SUPERMARKET_2_261,SUPERMARKET,Premium Niche,6,4.558320737149318,16,10
HOME_&_GARDEN_2_118,HOME_&_GARDEN,Everyday Essentials,11,7.26266565151938,21,10
SUPERMARKET_3_696,SUPERMARKET,Seasonal Spikes,10,3.760489061082541,20,10
HOME_&_GARDEN_1_161,HOME_&_GARDEN,Premium Niche,10,5.147706002404398,20,10
ACCESORIES_1_277,ACCESORIES,Everyday Essentials,9,6.561795793807106,18,9
HOME_&_GARDEN_1_290,HOME_&_GARDEN,Premium Niche,13,7.081053153741625,22,9
SUPERMARKET_3_224,SUPERMARKET,Everyday Essentials,16,10.095505296296356,25,9
HOME_&_GARDEN_2_321,HOME_&_GARDEN,Everyday Essentials,8,5.921129199412493,17,9
HOME_&_GARDEN_2_373,HOME_&_GARDEN,Everyday Essentials,4,4.193149654851055,13,9
HOME_&_GARDEN_2_097,HOME_&_GARDEN,Sporadic Sellers,5,3.2577059862475184,14,9
SUPERMARKET_2_060,SUPERMARKET,Everyday Essentials,17,9.239990845246297,26,9
ACCESORIES_1_280,ACCESORIES,Premium Niche,5,4.809512071999372,14,9
HOME_&_GARDEN_2_319,HOME_&_GARDEN,Sporadic Sellers,10,5.159574293009305,19,9
SUPERMARKET_2_390,SUPERMARKET,Sporadic Sellers,16,4.8419590067422025,25,9
SUPERMARKET_3_222,SUPERMARKET,Everyday Essentials,12,7.2735754115824545,21,9
HOME_&_GARDEN_1_286,HOME_&_GARDEN,Sporadic Sellers,11,4.2240845228692665,20,9
HOME_&_GARDEN_1_271,HOME_&_GARDEN,Sporadic Sellers,5,3.605719692054133,14,9
SUPERMARKET_3_026,SUPERMARKET,Everyday Essentials,14,9.301114016466896,23,9
SUPERMARKET_3_437,SUPERMARKET,Sporadic Sellers,8,4.949661428525305,17,9
SUPERMARKET_1_142,SUPERMARKET,Everyday Essentials,17,8.743039051458748,26,9
SUPERMARKET_3_315,SUPERMARKET,Sporadic Sellers,7,3.909674050170385,16,9
SUPERMARKET_2_027,SUPERMARKET,Sporadic Sellers,11,5.624945807729908,20,9
HOME_&_GARDEN_1_171,HOME_&_GARDEN,Everyday Essentials,20,12.150154473268628,29,9
SUPERMARKET_3_301,SUPERMARKET,Everyday Essentials,16,9.937497702258112,25,9
HOME_&_GARDEN_1_174,HOME_&_GARDEN,Seasonal Spikes,6,3.74952404662269,15,9
HOME_&_GARDEN_2_061,HOME_&_GARDEN,Everyday Essentials,5,4.354336302322846,14,9
HOME_&_GARDEN_2_129,HOME_&_GARDEN,Sporadic Sellers,9,3.6315973463317306,18,9
SUPERMARKET_1_132,SUPERMARKET,Everyday Essentials,16,7.699572789632582,25,9
SUPERMARKET_2_022,SUPERMARKET,Everyday Essentials,16,7.430628116234569,25,9
SUPERMARKET_3_274,SUPERMARKET,Everyday Essentials,15,8.653946421963433,24,9
ACCESORIES_2_026,ACCESORIES,Sporadic Sellers,8,2.635691977668131,17,9
SUPERMARKET_1_128,SUPERMARKET,Everyday Essentials,15,8.397873110653931,24,9
HOME_&_GARDEN_2_047,HOME_&_GARDEN,Everyday Essentials,9,7.5384646249617155,18,9
SUPERMARKET_1_171,SUPERMARKET,Sporadic Sellers,3,2.9021234228005945,12,9
SUPERMARKET_3_357,SUPERMARKET,Everyday Essentials,6,5.294489885410585,15,9
ACCESORIES_1_378,ACCESORIES,Everyday Essentials,3,4.141704483793664,12,9
SUPERMARKET_1_115,SUPERMARKET,Sporadic Sellers,9,4.406902328820729,18,9
SUPERMARKET_3_149,SUPERMARKET,Seasonal Spikes,14,5.99711244016499,23,9
SUPERMARKET_3_251,SUPERMARKET,Everyday Essentials,11,6.616001541315027,20,9
SUPERMARKET_3_373,SUPERMARKET,Sporadic Sellers,18,7.536666350664936,27,9
SUPERMARKET_3_379,SUPERMARKET,Sporadic Sellers,15,6.339815931759009,24,9
SUPERMARKET_3_244,SUPERMARKET,Premium Niche,6,5.293179851558888,15,9
SUPERMARKET_2_007,SUPERMARKET,Sporadic Sellers,14,5.105394266283853,23,9
SUPERMARKET_3_384,SUPERMARKET,Everyday Essentials,4,4.116270927835515,13,9
HOME_&_GARDEN_2_088,HOME_&_GARDEN,Everyday Essentials,4,4.238524551982493,13,9
SUPERMARKET_3_375,SUPERMARKET,Sporadic Sellers,6,4.198203911847719,15,9
SUPERMARKET_3_061,SUPERMARKET,Everyday Essentials,13,6.668091554557367,22,9
HOME_&_GARDEN_1_076,HOME_&_GARDEN,Sporadic Sellers,9,4.997961825142317,18,9
HOME_&_GARDEN_1_064,HOME_&_GARDEN,Sporadic Sellers,8,4.4911467968442365,17,9
SUPERMARKET_3_625,SUPERMARKET,Everyday Essentials,12,6.937516085189893,21,9
HOME_&_GARDEN_1_002,HOME_&_GARDEN,Everyday Essentials,14,7.341508571928137,23,9
HOME_&_GARDEN_2_457,HOME_&_GARDEN,Everyday Essentials,4,4.203526987522361,13,9
SUPERMARKET_3_623,SUPERMARKET,Sporadic Sellers,4,3.66482053775084,13,9
SUPERMARKET_2_150,SUPERMARKET,Everyday Essentials,6,5.799072196983893,15,9
SUPERMARKET_2_288,SUPERMARKET,Everyday Essentials,11,7.071427114736644,20,9
HOME_&_GARDEN_2_420,HOME_&_GARDEN,Sporadic Sellers,11,5.1274197469601255,20,9
HOME_&_GARDEN_2_197,HOME_&_GARDEN,Everyday Essentials,6,6.330642538997141,15,9
HOME_&_GARDEN_1_398,HOME_&_GARDEN,Everyday Essentials,7,6.059411806241562,16,9
HOME_&_GARDEN_2_453,HOME_&_GARDEN,Everyday Essentials,14,9.218716594674794,23,9
HOME_&_GARDEN_1_237,HOME_&_GARDEN,Sporadic Sellers,5,2.6474739532541243,14,9
HOME_&_GARDEN_1_509,HOME_&_GARDEN,Sporadic Sellers,3,2.7509229274319056,12,9
HOME_&_GARDEN_2_394,HOME_&_GARDEN,Everyday Essentials,3,3.682998021781958,12,9
HOME_&_GARDEN_1_381,HOME_&_GARDEN,Everyday Essentials,15,10.520419763001666,24,9
HOME_&_GARDEN_2_270,HOME_&_GARDEN,Seasonal Spikes,19,7.230797133955043,28,9
ACCESORIES_1_151,ACCESORIES,Everyday Essentials,3,5.283183142414148,12,9
HOME_&_GARDEN_2_226,HOME_&_GARDEN,Seasonal Spikes,8,5.475831442466475,17,9
SUPERMARKET_2_280,SUPERMARKET,Sporadic Sellers,9,4.773958910745298,18,9
HOME_&_GARDEN_2_451,HOME_&_GARDEN,Everyday Essentials,11,6.577593778929993,20,9
HOME_&_GARDEN_1_475,HOME_&_GARDEN,Everyday Essentials,12,8.011802435046746,21,9
ACCESORIES_1_076,ACCESORIES,Everyday Essentials,15,8.578170642669532,24,9
ACCESORIES_1_068,ACCESORIES,Everyday Essentials,5,5.677733421655472,14,9
HOME_&_GARDEN_1_463,HOME_&_GARDEN,Sporadic Sellers,8,4.649840092845447,17,9
ACCESORIES_1_078,ACCESORIES,Premium Niche,12,8.689070389292556,21,9
HOME_&_GARDEN_2_472,HOME_&_GARDEN,Everyday Essentials,13,8.41096256980084,22,9
ACCESORIES_2_140,ACCESORIES,Sporadic Sellers,12,4.647327341701923,21,9
SUPERMARKET_2_255,SUPERMARKET,Seasonal Spikes,11,3.686315920265144,20,9
HOME_&_GARDEN_1_477,HOME_&_GARDEN,Premium Niche,5,4.485295540505081,14,9
SUPERMARKET_3_758,SUPERMARKET,Seasonal Spikes,14,6.320300078063269,23,9
HOME_&_GARDEN_2_416,HOME_&_GARDEN,Seasonal Spikes,15,7.5503848655128145,24,9
SUPERMARKET_3_691,SUPERMARKET,Sporadic Sellers,8,3.886266861568574,17,9
ACCESORIES_2_135,ACCESORIES,Sporadic Sellers,5,3.1239827794129145,14,9
SUPERMARKET_2_125,SUPERMARKET,Sporadic Sellers,12,5.945664763798751,21,9
SUPERMARKET_3_660,SUPERMARKET,Everyday Essentials,7,4.785581908870052,16,9
ACCESORIES_1_116,ACCESORIES,Sporadic Sellers,9,5.291756768503042,18,9
HOME_&_GARDEN_2_264,HOME_&_GARDEN,Sporadic Sellers,7,4.016669817068386,16,9
HOME_&_GARDEN_2_195,HOME_&_GARDEN,Premium Niche,10,6.3414142220605765,19,9
HOME_&_GARDEN_1_345,HOME_&_GARDEN,Everyday Essentials,11,8.309849124440571,20,9
HOME_&_GARDEN_1_266,HOME_&_GARDEN,Sporadic Sellers,16,6.210547938698971,25,9
SUPERMARKET_2_353,SUPERMARKET,Everyday Essentials,9,5.845672510270811,18,9
SUPERMARKET_3_488,SUPERMARKET,Everyday Essentials,8,6.880246107050332,17,9
SUPERMARKET_2_081,SUPERMARKET,Everyday Essentials,9,7.585595848655001,18,9
HOME_&_GARDEN_2_191,HOME_&_GARDEN,Everyday Essentials,12,8.285345108786535,21,9
HOME_&_GARDEN_2_431,HOME_&_GARDEN,Premium Niche,6,5.210486746196633,15,9
SUPERMARKET_2_329,SUPERMARKET,Everyday Essentials,5,4.694649567457142,14,9
ACCESORIES_1_240,ACCESORIES,Everyday Essentials,19,9.370180183233504,28,9
HOME_&_GARDEN_1_025,HOME_&_GARDEN,Everyday Essentials,5,5.422802707159737,14,9
ACCESORIES_1_204,ACCESORIES,Premium Niche,17,5.601755981462457,26,9
HOME_&_GARDEN_2_450,HOME_&_GARDEN,Premium Niche,8,6.434179127514998,17,9
ACCESORIES_1_203,ACCESORIES,Premium Niche,9,4.880900318773024,18,9
SUPERMARKET_2_327,SUPERMARKET,Everyday Essentials,16,9.507850230877606,25,9
HOME_&_GARDEN_1_415,HOME_&_GARDEN,Premium Niche,5,4.985725442974111,14,9
ACCESORIES_1_034,ACCESORIES,Everyday Essentials,4,4.653456663944055,13,9
SUPERMARKET_2_083,SUPERMARKET,Everyday Essentials,6,5.075594688059201,15,9
SUPERMARKET_2_312,SUPERMARKET,Sporadic Sellers,7,4.240061718808524,16,9
SUPERMARKET_2_311,SUPERMARKET,Everyday Essentials,10,7.164903051108977,19,9
HOME_&_GARDEN_1_068,HOME_&_GARDEN,Everyday Essentials,8,6.348870462414122,17,9
ACCESORIES_2_100,ACCESORIES,Everyday Essentials,5,4.3371136804042685,14,9
HOME_&_GARDEN_2_448,HOME_&_GARDEN,Sporadic Sellers,4,1.8343093883108343,13,9
SUPERMARKET_2_103,SUPERMARKET,Everyday Essentials,5,4.187122861025111,14,9
SUPERMARKET_3_584,SUPERMARKET,Everyday Essentials,14,9.253174082236702,23,9
HOME_&_GARDEN_1_206,HOME_&_GARDEN,Everyday Essentials,6,4.930039983372351,15,9
SUPERMARKET_3_556,SUPERMARKET,Sporadic Sellers,5,3.326368025994907,14,9
HOME_&_GARDEN_2_229,HOME_&_GARDEN,Everyday Essentials,10,6.098767741617804,19,9
HOME_&_GARDEN_1_223,HOME_&_GARDEN,Premium Niche,8,6.025361900787037,17,9
HOME_&_GARDEN_1_435,HOME_&_GARDEN,Sporadic Sellers,6,3.608756315274907,15,9
SUPERMARKET_2_177,SUPERMARKET,Sporadic Sellers,13,5.701418031491997,22,9
ACCESORIES_1_172,ACCESORIES,Everyday Essentials,6,5.880081226235543,15,9
SUPERMARKET_2_099,SUPERMARKET,Everyday Essentials,7,5.2860875503548055,16,9
ACCESORIES_1_229,ACCESORIES,Sporadic Sellers,5,3.0667587788425177,14,9
SUPERMARKET_3_145,SUPERMARKET,Everyday Essentials,6,4.303468121346131,14,8
HOME_&_GARDEN_2_241,HOME_&_GARDEN,Everyday Essentials,8,5.3018099420139215,16,8
SUPERMARKET_2_224,SUPERMARKET,Everyday Essentials,10,6.3765447658944545,18,8
SUPERMARKET_2_014,SUPERMARKET,Everyday Essentials,14,8.821552814499388,22,8
SUPERMARKET_3_164,SUPERMARKET,Sporadic Sellers,14,4.579516736422825,22,8
HOME_&_GARDEN_2_251,HOME_&_GARDEN,Everyday Essentials,7,4.6420315963684065,15,8
HOME_&_GARDEN_1_036,HOME_&_GARDEN,Sporadic Sellers,10,3.3790122006122907,18,8
SUPERMARKET_2_146,SUPERMARKET,Everyday Essentials,11,7.083403004385794,19,8
SUPERMARKET_3_152,SUPERMARKET,Sporadic Sellers,10,3.6746135545881584,18,8
SUPERMARKET_2_009,SUPERMARKET,Everyday Essentials,4,4.272254192634197,12,8
HOME_&_GARDEN_1_305,HOME_&_GARDEN,Everyday Essentials,12,6.8707222068479705,20,8
HOME_&_GARDEN_1_125,HOME_&_GARDEN,Everyday Essentials,6,5.91062514392959,14,8
SUPERMARKET_3_157,SUPERMARKET,Sporadic Sellers,16,5.663303879400139,24,8
HOME_&_GARDEN_1_295,HOME_&_GARDEN,Everyday Essentials,6,4.855980737717369,14,8
SUPERMARKET_3_159,SUPERMARKET,Everyday Essentials,8,4.9467730100633265,16,8
SUPERMARKET_2_200,SUPERMARKET,Sporadic Sellers,3,2.9227786777435796,11,8
HOME_&_GARDEN_1_014,HOME_&_GARDEN,Premium Niche,14,7.523522039327375,22,8
HOME_&_GARDEN_2_284,HOME_&_GARDEN,Everyday Essentials,14,7.747304713825162,22,8
HOME_&_GARDEN_2_303,HOME_&_GARDEN,Sporadic Sellers,5,3.138980467633315,13,8
HOME_&_GARDEN_1_070,HOME_&_GARDEN,Everyday Essentials,4,5.028303589270794,12,8
SUPERMARKET_3_056,SUPERMARKET,Sporadic Sellers,7,3.946432730672088,15,8
ACCESORIES_2_068,ACCESORIES,Sporadic Sellers,3,3.272619734361621,11,8
SUPERMARKET_3_044,SUPERMARKET,Sporadic Sellers,15,5.240421494217012,23,8
SUPERMARKET_2_043,SUPERMARKET,Everyday Essentials,6,4.411479926126346,14,8
SUPERMARKET_3_036,SUPERMARKET,Sporadic Sellers,4,2.656286689265917,12,8
ACCESORIES_2_117,ACCESORIES,Everyday Essentials,9,5.1748872015373335,17,8
SUPERMARKET_2_048,SUPERMARKET,Sporadic Sellers,4,2.583963639715558,12,8
SUPERMARKET_2_320,SUPERMARKET,Sporadic Sellers,15,5.570483373054234,23,8
HOME_&_GARDEN_2_146,HOME_&_GARDEN,Sporadic Sellers,12,4.2046204190846375,20,8
SUPERMARKET_3_015,SUPERMARKET,Everyday Essentials,5,4.528441093009279,13,8
SUPERMARKET_2_328,SUPERMARKET,Sporadic Sellers,12,4.49391475883676,20,8
ACCESORIES_2_085,ACCESORIES,Sporadic Sellers,4,3.2981503125635148,12,8
SUPERMARKET_2_332,SUPERMARKET,Everyday Essentials,3,4.034314523209892,11,8
HOME_&_GARDEN_2_164,HOME_&_GARDEN,Sporadic Sellers,7,2.690820913316726,15,8
HOME_&_GARDEN_2_286,HOME_&_GARDEN,Sporadic Sellers,4,2.6456271314414277,12,8
SUPERMARKET_2_076,SUPERMARKET,Premium Niche,5,4.384280111633915,13,8
SUPERMARKET_2_105,SUPERMARKET,Sporadic Sellers,15,6.2503411395187864,23,8
SUPERMARKET_2_296,SUPERMARKET,Sporadic Sellers,16,6.359517705717853,24,8
HOME_&_GARDEN_2_212,HOME_&_GARDEN,Everyday Essentials,8,7.280192000832772,16,8
SUPERMARKET_2_273,SUPERMARKET,Sporadic Sellers,4,3.0775061746302654,12,8
ACCESORIES_2_028,ACCESORIES,Everyday Essentials,4,3.3080986575571907,12,8
SUPERMARKET_2_251,SUPERMARKET,Everyday Essentials,18,8.125031496240336,26,8
HOME_&_GARDEN_1_116,HOME_&_GARDEN,Sporadic Sellers,15,4.580054436518172,23,8
ACCESORIES_2_037,ACCESORIES,Sporadic Sellers,6,3.1663594345219352,14,8
ACCESORIES_2_136,ACCESORIES,Everyday Essentials,12,5.9574902451005745,20,8
SUPERMARKET_2_271,SUPERMARKET,Sporadic Sellers,6,2.5964147940026465,14,8
SUPERMARKET_3_098,SUPERMARKET,Everyday Essentials,15,10.285474708743116,23,8
SUPERMARKET_2_375,SUPERMARKET,Everyday Essentials,8,6.109813201504565,16,8
SUPERMARKET_2_295,SUPERMARKET,Premium Niche,3,3.1828310228610923,11,8
HOME_&_GARDEN_2_203,HOME_&_GARDEN,Sporadic Sellers,13,6.115314316211429,21,8
SUPERMARKET_2_116,SUPERMARKET,Everyday Essentials,6,4.84972997749329,14,8
SUPERMARKET_3_096,SUPERMARKET,Everyday Essentials,10,7.51894748033693,18,8
SUPERMARKET_3_095,SUPERMARKET,Everyday Essentials,5,4.007367870124912,13,8
HOME_&_GARDEN_1_061,HOME_&_GARDEN,Everyday Essentials,14,8.91556646291317,22,8
HOME_&_GARDEN_2_139,HOME_&_GARDEN,Everyday Essentials,5,4.231175613317234,13,8
HOME_&_GARDEN_1_300,HOME_&_GARDEN,Sporadic Sellers,6,2.647131133217844,14,8
HOME_&_GARDEN_2_266,HOME_&_GARDEN,Sporadic Sellers,11,5.738561909813383,19,8
SUPERMARKET_2_172,SUPERMARKET,Sporadic Sellers,14,4.726749099668051,22,8
SUPERMARKET_3_179,SUPERMARKET,Everyday Essentials,8,5.155290070966102,16,8
SUPERMARKET_1_022,SUPERMARKET,Sporadic Sellers,5,3.142497342472277,13,8
HOME_&_GARDEN_1_512,HOME_&_GARDEN,Sporadic Sellers,11,3.2399072532644237,19,8
ACCESORIES_1_157,ACCESORIES,Premium Niche,4,4.561506265139758,12,8
SUPERMARKET_1_038,SUPERMARKET,Everyday Essentials,10,5.9745077042476264,18,8
HOME_&_GARDEN_2_003,HOME_&_GARDEN,Premium Niche,5,4.404243658673483,13,8
SUPERMARKET_1_048,SUPERMARKET,Everyday Essentials,13,6.840252111810091,21,8
SUPERMARKET_3_507,SUPERMARKET,Sporadic Sellers,3,2.269265586392013,11,8
ACCESORIES_1_215,ACCESORIES,Premium Niche,6,4.764529593579991,14,8
SUPERMARKET_3_494,SUPERMARKET,Everyday Essentials,7,5.78758071344096,15,8
ACCESORIES_1_223,ACCESORIES,Sporadic Sellers,4,2.720184217678081,12,8
ACCESORIES_1_235,ACCESORIES,Premium Niche,8,5.7299398025275305,16,8
SUPERMARKET_3_461,SUPERMARKET,Everyday Essentials,6,4.569849989773372,14,8
SUPERMARKET_3_452,SUPERMARKET,Everyday Essentials,4,4.820899621720984,12,8
SUPERMARKET_3_421,SUPERMARKET,Sporadic Sellers,9,4.414528385239803,17,8
SUPERMARKET_3_416,SUPERMARKET,Sporadic Sellers,14,6.229918945035328,22,8
ACCESORIES_1_276,ACCESORIES,Everyday Essentials,3,4.67994124207039,11,8
ACCESORIES_1_287,ACCESORIES,Everyday Essentials,8,5.4575023858810425,16,8
HOME_&_GARDEN_2_039,HOME_&_GARDEN,Premium Niche,4,3.228082042380415,12,8
ACCESORIES_1_313,ACCESORIES,Everyday Essentials,9,6.6631620188716365,17,8
HOME_&_GARDEN_2_357,HOME_&_GARDEN,Seasonal Spikes,5,3.029683186667368,13,8
ACCESORIES_1_152,ACCESORIES,Sporadic Sellers,10,5.302080316042457,18,8
SUPERMARKET_3_596,SUPERMARKET,Everyday Essentials,12,9.788684525830512,20,8
SUPERMARKET_3_359,SUPERMARKET,Seasonal Spikes,3,2.34859013620091,11,8
SUPERMARKET_3_612,SUPERMARKET,Everyday Essentials,9,6.019289950239824,17,8
ACCESORIES_1_006,ACCESORIES,Everyday Essentials,16,7.400641960786561,24,8
HOME_&_GARDEN_1_264,HOME_&_GARDEN,Sporadic Sellers,7,3.429140375588225,15,8
ACCESORIES_1_022,ACCESORIES,Everyday Essentials,5,5.265577935336583,13,8
ACCESORIES_1_036,ACCESORIES,Everyday Essentials,9,6.86700038711461,17,8
HOME_&_GARDEN_2_447,HOME_&_GARDEN,Everyday Essentials,8,6.608688299806952,16,8
HOME_&_GARDEN_1_406,HOME_&_GARDEN,Sporadic Sellers,12,6.207942453569617,20,8
ACCESORIES_1_051,ACCESORIES,Sporadic Sellers,4,3.242955816976534,12,8
ACCESORIES_1_053,ACCESORIES,Sporadic Sellers,6,3.129038139262881,14,8
SUPERMARKET_3_754,SUPERMARKET,Everyday Essentials,5,4.04314535329429,13,8
HOME_&_GARDEN_1_451,HOME_&_GARDEN,Everyday Essentials,8,4.921654355281446,16,8
SUPERMARKET_3_737,SUPERMARKET,Sporadic Sellers,5,2.566431962764547,13,8
SUPERMARKET_3_710,SUPERMARKET,Sporadic Sellers,5,3.656901797313615,13,8
HOME_&_GARDEN_2_413,HOME_&_GARDEN,Sporadic Sellers,3,2.5164187954028696,11,8
HOME_&_GARDEN_1_468,HOME_&_GARDEN,Everyday Essentials,9,7.210550816843404,17,8
HOME_&_GARDEN_1_483,HOME_&_GARDEN,Everyday Essentials,4,4.332884576446091,12,8
ACCESORIES_1_122,ACCESORIES,Sporadic Sellers,7,3.997239747474252,15,8
SUPERMARKET_3_633,SUPERMARKET,Seasonal Spikes,12,3.060115296497453,20,8
HOME_&_GARDEN_1_500,HOME_&_GARDEN,Sporadic Sellers,7,3.683043404922504,15,8
HOME_&_GARDEN_2_400,HOME_&_GARDEN,Sporadic Sellers,11,4.959299447537802,19,8
SUPERMARKET_3_360,SUPERMARKET,Sporadic Sellers,10,4.231954914173129,18,8
SUPERMARKET_1_068,SUPERMARKET,Sporadic Sellers,9,3.973181241867082,17,8
ACCESORIES_1_376,ACCESORIES,Premium Niche,4,3.105017377570646,12,8
SUPERMARKET_3_196,SUPERMARKET,Everyday Essentials,8,5.45646583462789,16,8
SUPERMARKET_1_189,SUPERMARKET,Sporadic Sellers,4,3.0341177478828936,12,8
SUPERMARKET_3_218,SUPERMARKET,Sporadic Sellers,5,3.2051367258489134,13,8
SUPERMARKET_3_239,SUPERMARKET,Everyday Essentials,7,6.7605810598706775,15,8
SUPERMARKET_1_155,SUPERMARKET,Everyday Essentials,12,7.22710026271324,20,8
HOME_&_GARDEN_2_339,HOME_&_GARDEN,Sporadic Sellers,3,3.4424479122639853,11,8
ACCESORIES_1_350,ACCESORIES,Everyday Essentials,8,6.477928907617024,16,8
ACCESORIES_1_408,ACCESORIES,Everyday Essentials,6,4.992716837541475,14,8
SUPERMARKET_3_211,SUPERMARKET,Everyday Essentials,17,8.215202819821686,25,8
SUPERMARKET_3_243,SUPERMARKET,Everyday Essentials,6,4.88797556862644,14,8
HOME_&_GARDEN_2_325,HOME_&_GARDEN,Everyday Essentials,8,7.246245005533331,16,8
ACCESORIES_1_383,ACCESORIES,Everyday Essentials,5,4.170638105629835,13,8
ACCESORIES_1_332,ACCESORIES,Everyday Essentials,4,4.383790105766423,12,8
SUPERMARKET_1_203,SUPERMARKET,Everyday Essentials,3,4.113832031418214,11,8
ACCESORIES_1_372,ACCESORIES,Everyday Essentials,7,6.403073021481319,15,8
HOME_&_GARDEN_2_106,HOME_&_GARDEN,Premium Niche,3,2.9991454031294023,11,8
SUPERMARKET_3_269,SUPERMARKET,Everyday Essentials,12,8.529048126397262,20,8
HOME_&_GARDEN_2_043,HOME_&_GARDEN,Everyday Essentials,5,4.617022001756887,13,8
SUPERMARKET_3_272,SUPERMARKET,Premium Niche,10,5.875275189367367,18,8
ACCESORIES_1_326,ACCESORIES,Everyday Essentials,4,4.134655755176858,12,8
ACCESORIES_2_139,ACCESORIES,Sporadic Sellers,2,2.4084708120885425,9,7
ACCESORIES_1_088,ACCESORIES,Everyday Essentials,4,3.7723058454696945,11,7
SUPERMARKET_3_686,SUPERMARKET,Everyday Essentials,7,4.7016897873134464,14,7
ACCESORIES_1_094,ACCESORIES,Premium Niche,6,3.907438490397518,13,7
SUPERMARKET_3_677,SUPERMARKET,Everyday Essentials,3,3.723973829987699,10,7
ACCESORIES_1_113,ACCESORIES,Sporadic Sellers,5,2.8576351410426897,12,7
HOME_&_GARDEN_2_081,HOME_&_GARDEN,Sporadic Sellers,5,3.011751959188637,12,7
SUPERMARKET_3_619,SUPERMARKET,Sporadic Sellers,13,4.633085019598338,20,7
SUPERMARKET_3_658,SUPERMARKET,Everyday Essentials,8,4.4713339658392,15,7
ACCESORIES_1_118,ACCESORIES,Premium Niche,2,3.0472312189400306,9,7
SUPERMARKET_3_260,SUPERMARKET,Seasonal Spikes,5,2.0188405830266816,12,7
HOME_&_GARDEN_1_353,HOME_&_GARDEN,Everyday Essentials,4,4.363143071151541,11,7
HOME_&_GARDEN_1_490,HOME_&_GARDEN,Premium Niche,6,5.627097057980679,13,7
SUPERMARKET_3_137,SUPERMARKET,Sporadic Sellers,11,4.005175238418776,18,7
HOME_&_GARDEN_1_492,HOME_&_GARDEN,Everyday Essentials,5,4.607728776409173,12,7
ACCESORIES_1_129,ACCESORIES,Everyday Essentials,7,4.861019008900335,14,7
HOME_&_GARDEN_2_200,HOME_&_GARDEN,Everyday Essentials,9,5.896671039057625,16,7
SUPERMARKET_3_705,SUPERMARKET,Everyday Essentials,7,5.018338544104385,14,7
SUPERMARKET_3_055,SUPERMARKET,Everyday Essentials,13,6.13190611325188,20,7
ACCESORIES_1_395,ACCESORIES,Sporadic Sellers,4,2.6740024997013316,11,7
ACCESORIES_2_003,ACCESORIES,Everyday Essentials,7,4.9447530204541055,14,7
SUPERMARKET_3_817,SUPERMARKET,Everyday Essentials,5,4.831149212192871,12,7
ACCESORIES_1_013,ACCESORIES,Everyday Essentials,5,3.8218123316086143,12,7
SUPERMARKET_3_186,SUPERMARKET,Everyday Essentials,10,5.303438142793057,17,7
HOME_&_GARDEN_1_419,HOME_&_GARDEN,Premium Niche,9,4.756066861835167,16,7
SUPERMARKET_2_188,SUPERMARKET,Everyday Essentials,8,4.306276892582588,15,7
ACCESORIES_1_026,ACCESORIES,Premium Niche,6,3.717388373872256,13,7
SUPERMARKET_2_191,SUPERMARKET,Sporadic Sellers,3,1.767208359478073,10,7
SUPERMARKET_3_802,SUPERMARKET,Everyday Essentials,3,3.5868245305008166,10,7
ACCESORIES_1_029,ACCESORIES,Everyday Essentials,3,4.323539155095091,10,7
HOME_&_GARDEN_2_103,HOME_&_GARDEN,Sporadic Sellers,3,2.338006875744421,10,7
SUPERMARKET_3_784,SUPERMARKET,Everyday Essentials,10,5.43009281478666,17,7
SUPERMARKET_2_202,SUPERMARKET,Everyday Essentials,10,5.923016186264994,17,7
SUPERMARKET_3_774,SUPERMARKET,Everyday Essentials,8,5.771337849848435,15,7
HOME_&_GARDEN_2_089,HOME_&_GARDEN,Seasonal Spikes,3,3.628597005487234,10,7
SUPERMARKET_3_765,SUPERMARKET,Everyday Essentials,11,8.733238016213356,18,7
HOME_&_GARDEN_1_402,HOME_&_GARDEN,Sporadic Sellers,4,2.1076754017631845,11,7
HOME_&_GARDEN_1_446,HOME_&_GARDEN,Everyday Essentials,2,3.6620827327253207,9,7
HOME_&_GARDEN_1_001,HOME_&_GARDEN,Everyday Essentials,3,3.115805537742116,10,7
HOME_&_GARDEN_2_220,HOME_&_GARDEN,Everyday Essentials,3,3.329271121387573,10,7
HOME_&_GARDEN_2_111,HOME_&_GARDEN,Seasonal Spikes,13,3.897286504082521,20,7
HOME_&_GARDEN_2_215,HOME_&_GARDEN,Everyday Essentials,7,3.88815397721111,14,7
SUPERMARKET_2_227,SUPERMARKET,Sporadic Sellers,8,3.518476009198558,15,7
ACCESORIES_2_145,ACCESORIES,Everyday Essentials,8,4.7847407602079945,15,7
SUPERMARKET_3_608,SUPERMARKET,Sporadic Sellers,8,4.214486261408084,15,7
SUPERMARKET_2_236,SUPERMARKET,Everyday Essentials,3,3.3146755427984473,10,7
SUPERMARKET_3_720,SUPERMARKET,Sporadic Sellers,13,4.264129592160736,20,7
SUPERMARKET_2_234,SUPERMARKET,Everyday Essentials,9,5.5777962313614875,16,7
ACCESORIES_2_121,ACCESORIES,Sporadic Sellers,13,3.844728184238583,20,7
SUPERMARKET_3_284,SUPERMARKET,Sporadic Sellers,9,3.863796250976429,16,7
ACCESORIES_2_083,ACCESORIES,Sporadic Sellers,3,2.6948160046601313,10,7
HOME_&_GARDEN_2_166,HOME_&_GARDEN,Premium Niche,4,3.452511470465009,11,7
SUPERMARKET_2_386,SUPERMARKET,Everyday Essentials,2,2.7347865199713133,9,7
ACCESORIES_2_089,ACCESORIES,Everyday Essentials,7,4.528796574321704,14,7
SUPERMARKET_3_447,SUPERMARKET,Sporadic Sellers,10,5.0634848144269045,17,7
ACCESORIES_2_088,ACCESORIES,Everyday Essentials,4,3.70131664528879,11,7
SUPERMARKET_3_427,SUPERMARKET,Sporadic Sellers,8,3.8810551442802304,15,7
SUPERMARKET_3_425,SUPERMARKET,Sporadic Sellers,9,4.442746811994555,16,7
SUPERMARKET_3_323,SUPERMARKET,Everyday Essentials,11,5.433119028193695,18,7
HOME_&_GARDEN_2_136,HOME_&_GARDEN,Everyday Essentials,9,6.331529831349805,16,7
SUPERMARKET_2_392,SUPERMARKET,Everyday Essentials,5,4.9012846101477505,12,7
SUPERMARKET_3_409,SUPERMARKET,Sporadic Sellers,10,3.1998523075538388,17,7
HOME_&_GARDEN_2_032,HOME_&_GARDEN,Sporadic Sellers,4,2.6537499443005874,11,7
ACCESORIES_1_283,ACCESORIES,Premium Niche,4,2.2314673826551967,11,7
ACCESORIES_2_120,ACCESORIES,Everyday Essentials,6,4.4346084458574015,13,7
SUPERMARKET_3_331,SUPERMARKET,Everyday Essentials,11,7.777520989917612,18,7
ACCESORIES_1_296,ACCESORIES,Everyday Essentials,5,4.120985008269819,12,7
HOME_&_GARDEN_2_037,HOME_&_GARDEN,Premium Niche,7,5.208509041714793,14,7
HOME_&_GARDEN_2_155,HOME_&_GARDEN,Everyday Essentials,5,4.112205461529668,12,7
SUPERMARKET_3_028,SUPERMARKET,Everyday Essentials,8,5.769845012622212,15,7
ACCESORIES_1_327,ACCESORIES,Everyday Essentials,6,4.67353811225864,13,7
ACCESORIES_1_309,ACCESORIES,Everyday Essentials,10,6.259088970242823,17,7
ACCESORIES_1_310,ACCESORIES,Everyday Essentials,5,4.878062747569173,12,7
HOME_&_GARDEN_2_151,HOME_&_GARDEN,Sporadic Sellers,4,1.9231127092083335,11,7
ACCESORIES_2_063,ACCESORIES,Sporadic Sellers,5,3.4823967613848343,12,7
SUPERMARKET_3_337,SUPERMARKET,Sporadic Sellers,6,2.7795950788735713,13,7
SUPERMARKET_3_045,SUPERMARKET,Everyday Essentials,4,4.215987312008654,11,7
HOME_&_GARDEN_1_299,HOME_&_GARDEN,Sporadic Sellers,3,2.394154010283186,10,7
HOME_&_GARDEN_2_170,HOME_&_GARDEN,Everyday Essentials,5,4.876555660641935,12,7
ACCESORIES_1_255,ACCESORIES,Sporadic Sellers,11,5.122840554809736,18,7
SUPERMARKET_2_372,SUPERMARKET,Sporadic Sellers,14,4.923648630407096,21,7
HOME_&_GARDEN_1_335,HOME_&_GARDEN,Premium Niche,8,4.239994279753617,15,7
HOME_&_GARDEN_1_526,HOME_&_GARDEN,Sporadic Sellers,7,2.358174027930277,14,7
ACCESORIES_1_362,ACCESORIES,Premium Niche,3,2.449425692219928,10,7
SUPERMARKET_2_310,SUPERMARKET,Sporadic Sellers,4,2.319747366960523,11,7
HOME_&_GARDEN_1_529,HOME_&_GARDEN,Sporadic Sellers,10,5.135536123510372,17,7
ACCESORIES_1_186,ACCESORIES,Seasonal Spikes,9,2.7077941647357475,16,7
SUPERMARKET_3_539,SUPERMARKET,Everyday Essentials,10,5.3137574574176565,17,7
HOME_&_GARDEN_1_315,HOME_&_GARDEN,Premium Niche,14,5.879790687775019,21,7
HOME_&_GARDEN_2_002,HOME_&_GARDEN,Everyday Essentials,4,4.210690090315722,11,7
ACCESORIES_1_356,ACCESORIES,Everyday Essentials,11,7.210382743239283,18,7
SUPERMARKET_3_298,SUPERMARKET,Premium Niche,15,8.44215694931804,22,7
HOME_&_GARDEN_2_131,HOME_&_GARDEN,Premium Niche,5,3.6187240284267337,12,7
SUPERMARKET_3_490,SUPERMARKET,Everyday Essentials,8,5.887392200144313,15,7
HOME_&_GARDEN_2_011,HOME_&_GARDEN,Everyday Essentials,6,5.096459876542507,13,7
SUPERMARKET_3_478,SUPERMARKET,Sporadic Sellers,14,5.877766058536805,21,7
ACCESORIES_1_346,ACCESORIES,Sporadic Sellers,11,4.352875488520028,18,7
SUPERMARKET_3_471,SUPERMARKET,Sporadic Sellers,9,3.9681209111945943,16,7
SUPERMARKET_3_182,SUPERMARKET,Everyday Essentials,9,5.499000031443291,16,7
ACCESORIES_2_109,ACCESORIES,Sporadic Sellers,6,2.5690596589831367,13,7
SUPERMARKET_3_467,SUPERMARKET,Everyday Essentials,9,6.7170005680200875,16,7
SUPERMARKET_3_308,SUPERMARKET,Everyday Essentials,9,6.0371249254944015,16,7
ACCESORIES_1_251,ACCESORIES,Premium Niche,5,3.632977996885975,12,7
HOME_&_GARDEN_2_064,HOME_&_GARDEN,Everyday Essentials,9,5.556098850236674,16,7
SUPERMARKET_2_362,SUPERMARKET,Sporadic Sellers,6,2.6311331613197595,13,7
ACCESORIES_2_098,ACCESORIES,Sporadic Sellers,5,3.4650374921352016,12,7
HOME_&_GARDEN_2_066,HOME_&_GARDEN,Sporadic Sellers,2,1.65778758212961,9,7
HOME_&_GARDEN_2_426,HOME_&_GARDEN,Everyday Essentials,7,5.183476364281164,14,7
SUPERMARKET_2_004,SUPERMARKET,Sporadic Sellers,10,4.313972290819867,17,7
HOME_&_GARDEN_2_488,HOME_&_GARDEN,Everyday Essentials,6,4.6575520191420114,13,7
SUPERMARKET_2_097,SUPERMARKET,Sporadic Sellers,16,4.524255818319013,23,7
SUPERMARKET_2_100,SUPERMARKET,Everyday Essentials,13,6.724331262724799,20,7
SUPERMARKET_1_081,SUPERMARKET,Everyday Essentials,6,4.471535592167727,13,7
SUPERMARKET_2_106,SUPERMARKET,Everyday Essentials,14,6.68183344689688,21,7
HOME_&_GARDEN_1_065,HOME_&_GARDEN,Sporadic Sellers,8,3.5947486438929506,15,7
HOME_&_GARDEN_2_492,HOME_&_GARDEN,Everyday Essentials,13,6.60438188132294,20,7
SUPERMARKET_1_029,SUPERMARKET,Everyday Essentials,6,3.637176031932989,13,7
SUPERMARKET_1_174,SUPERMARKET,Everyday Essentials,9,6.19782631334551,16,7
SUPERMARKET_1_073,SUPERMARKET,Everyday Essentials,3,3.7147453729678976,10,7
HOME_&_GARDEN_1_200,HOME_&_GARDEN,Everyday Essentials,9,5.245914708054817,16,7
HOME_&_GARDEN_1_208,HOME_&_GARDEN,Sporadic Sellers,9,3.145170897179952,16,7
HOME_&_GARDEN_1_152,HOME_&_GARDEN,Premium Niche,5,2.9161860011777283,12,7
SUPERMARKET_2_010,SUPERMARKET,Everyday Essentials,13,6.313675732515506,20,7
SUPERMARKET_1_054,SUPERMARKET,Everyday Essentials,15,9.078170750916968,22,7
SUPERMARKET_1_185,SUPERMARKET,Everyday Essentials,10,7.288402882702294,17,7
HOME_&_GARDEN_1_115,HOME_&_GARDEN,Sporadic Sellers,5,3.5901395766787116,12,7
SUPERMARKET_2_028,SUPERMARKET,Sporadic Sellers,14,4.823507390904694,21,7
HOME_&_GARDEN_2_250,HOME_&_GARDEN,Everyday Essentials,11,6.600005761695483,18,7
SUPERMARKET_2_091,SUPERMARKET,Sporadic Sellers,11,3.949522409327242,18,7
HOME_&_GARDEN_1_278,HOME_&_GARDEN,Everyday Essentials,9,5.380037917190623,16,7
HOME_&_GARDEN_2_356,HOME_&_GARDEN,Premium Niche,4,4.220228792522162,11,7
SUPERMARKET_1_119,SUPERMARKET,Everyday Essentials,7,4.309523184496039,14,7
HOME_&_GARDEN_1_178,HOME_&_GARDEN,Everyday Essentials,5,4.77229436857602,12,7
HOME_&_GARDEN_2_292,HOME_&_GARDEN,Premium Niche,3,2.8868916657045594,10,7
SUPERMARKET_2_062,SUPERMARKET,Everyday Essentials,8,5.154748903916831,15,7
HOME_&_GARDEN_2_360,HOME_&_GARDEN,Sporadic Sellers,6,2.7482521588928517,13,7
HOME_&_GARDEN_2_418,HOME_&_GARDEN,Sporadic Sellers,3,1.9611234371229185,10,7
HOME_&_GARDEN_2_480,HOME_&_GARDEN,Everyday Essentials,12,6.2879206828686325,19,7
SUPERMARKET_1_107,SUPERMARKET,Sporadic Sellers,14,4.533640671873373,21,7
HOME_&_GARDEN_1_167,HOME_&_GARDEN,Everyday Essentials,13,7.273741177774818,20,7
HOME_&_GARDEN_2_459,HOME_&_GARDEN,Premium Niche,9,3.368949226009566,16,7
SUPERMARKET_1_093,SUPERMARKET,Everyday Essentials,10,5.049981950692208,17,7
HOME_&_GARDEN_2_275,HOME_&_GARDEN,Everyday Essentials,3,4.036618592483391,10,7
HOME_&_GARDEN_2_511,HOME_&_GARDEN,Everyday Essentials,8,4.971197646770551,15,7
HOME_&_GARDEN_1_126,HOME_&_GARDEN,Everyday Essentials,5,4.811276871119009,12,7
SUPERMARKET_2_047,SUPERMARKET,Everyday Essentials,13,8.16162500802066,20,7
SUPERMARKET_2_163,SUPERMARKET,Everyday Essentials,10,5.356996707724671,17,7
HOME_&_GARDEN_2_430,HOME_&_GARDEN,Sporadic Sellers,13,4.716367354088354,20,7
SUPERMARKET_1_193,SUPERMARKET,Sporadic Sellers,12,4.514896993474554,19,7
HOME_&_GARDEN_2_506,HOME_&_GARDEN,Sporadic Sellers,7,3.628996271616284,14,7
HOME_&_GARDEN_1_141,HOME_&_GARDEN,Everyday Essentials,11,8.31517637569241,18,7
SUPERMARKET_2_165,SUPERMARKET,Sporadic Sellers,10,3.605750922773913,17,7
HOME_&_GARDEN_2_382,HOME_&_GARDEN,Sporadic Sellers,9,3.698225882406206,16,7
HOME_&_GARDEN_1_133,HOME_&_GARDEN,Sporadic Sellers,5,2.4166189737378696,12,7
ACCESORIES_1_130,ACCESORIES,Everyday Essentials,4,3.60300571422919,10,6
SUPERMARKET_3_287,SUPERMARKET,Everyday Essentials,9,5.746726287034816,15,6
HOME_&_GARDEN_1_192,HOME_&_GARDEN,Everyday Essentials,5,4.999024368186204,11,6
SUPERMARKET_2_331,SUPERMARKET,Everyday Essentials,7,4.487819943871526,13,6
SUPERMARKET_3_286,SUPERMARKET,Everyday Essentials,10,5.471833058755909,16,6
HOME_&_GARDEN_1_074,HOME_&_GARDEN,Everyday Essentials,5,4.098175150149958,11,6
SUPERMARKET_2_336,SUPERMARKET,Sporadic Sellers,3,2.380661343508602,9,6
HOME_&_GARDEN_1_403,HOME_&_GARDEN,Everyday Essentials,8,5.307087791219679,14,6
SUPERMARKET_3_293,SUPERMARKET,Everyday Essentials,9,4.490111156211515,15,6
ACCESORIES_1_361,ACCESORIES,Premium Niche,2,2.854800757686088,8,6
SUPERMARKET_1_102,SUPERMARKET,Everyday Essentials,5,4.559138632698538,11,6
HOME_&_GARDEN_1_034,HOME_&_GARDEN,Everyday Essentials,11,6.86757518052469,17,6
SUPERMARKET_1_020,SUPERMARKET,Everyday Essentials,6,4.542225718807917,12,6
ACCESORIES_1_049,ACCESORIES,Premium Niche,10,4.91878271815889,16,6
ACCESORIES_1_050,ACCESORIES,Premium Niche,4,4.314907736596922,10,6
ACCESORIES_2_108,ACCESORIES,Sporadic Sellers,2,1.4266221802518473,8,6
HOME_&_GARDEN_1_358,HOME_&_GARDEN,Premium Niche,3,2.529025784318404,9,6
HOME_&_GARDEN_2_314,HOME_&_GARDEN,Sporadic Sellers,7,2.297091133992211,13,6
SUPERMARKET_3_667,SUPERMARKET,Everyday Essentials,4,3.6535981323401594,10,6
HOME_&_GARDEN_1_533,HOME_&_GARDEN,Everyday Essentials,7,4.101653619006704,13,6
SUPERMARKET_1_080,SUPERMARKET,Everyday Essentials,13,7.470405960850227,19,6
HOME_&_GARDEN_1_368,HOME_&_GARDEN,Everyday Essentials,4,3.8239918776949575,10,6
HOME_&_GARDEN_2_023,HOME_&_GARDEN,Sporadic Sellers,4,2.203922554378919,10,6
ACCESORIES_1_269,ACCESORIES,Premium Niche,2,1.4921029022948729,8,6
ACCESORIES_1_270,ACCESORIES,Everyday Essentials,10,5.617309184418264,16,6
ACCESORIES_2_116,ACCESORIES,Everyday Essentials,5,3.230230760357628,11,6
ACCESORIES_1_083,ACCESORIES,Premium Niche,8,3.4055121115419293,14,6
HOME_&_GARDEN_2_388,HOME_&_GARDEN,Everyday Essentials,5,4.199700797245101,11,6
SUPERMARKET_2_148,SUPERMARKET,Everyday Essentials,7,3.9943077441372736,13,6
HOME_&_GARDEN_1_486,HOME_&_GARDEN,Premium Niche,10,5.677571877296132,16,6
SUPERMARKET_2_317,SUPERMARKET,Premium Niche,3,3.0055131691235593,9,6
ACCESORIES_2_040,ACCESORIES,Sporadic Sellers,5,1.9763412922914632,11,6
HOME_&_GARDEN_2_297,HOME_&_GARDEN,Everyday Essentials,2,3.026507551745754,8,6
HOME_&_GARDEN_2_193,HOME_&_GARDEN,Everyday Essentials,3,3.0462610439289755,9,6
HOME_&_GARDEN_2_132,HOME_&_GARDEN,Sporadic Sellers,8,2.661582138447341,14,6
ACCESORIES_1_042,ACCESORIES,Everyday Essentials,5,3.920367437966869,11,6
SUPERMARKET_3_589,SUPERMARKET,Sporadic Sellers,3,2.5218127763074927,9,6
ACCESORIES_1_293,ACCESORIES,Everyday Essentials,4,3.51898507466983,10,6
HOME_&_GARDEN_1_528,HOME_&_GARDEN,Everyday Essentials,11,6.834806597749596,17,6
SUPERMARKET_1_105,SUPERMARKET,Sporadic Sellers,7,3.652876525865218,13,6
SUPERMARKET_3_763,SUPERMARKET,Sporadic Sellers,4,2.686609398158547,10,6
HOME_&_GARDEN_2_122,HOME_&_GARDEN,Seasonal Spikes,7,3.897949014430047,13,6
HOME_&_GARDEN_1_091,HOME_&_GARDEN,Everyday Essentials,13,7.248725917700352,19,6
ACCESORIES_1_003,ACCESORIES,Sporadic Sellers,8,2.7657967915565074,14,6
SUPERMARKET_3_043,SUPERMARKET,Everyday Essentials,11,5.3159646472297055,17,6
HOME_&_GARDEN_2_163,HOME_&_GARDEN,Everyday Essentials,2,2.5590916293110757,8,6
HOME_&_GARDEN_2_150,HOME_&_GARDEN,Sporadic Sellers,3,2.434607103519339,9,6
HOME_&_GARDEN_1_035,HOME_&_GARDEN,Sporadic Sellers,2,2.208442555688935,8,6
HOME_&_GARDEN_1_364,HOME_&_GARDEN,Everyday Essentials,3,3.669327993139718,9,6
HOME_&_GARDEN_1_452,HOME_&_GARDEN,Everyday Essentials,3,3.1451210795501305,9,6
ACCESORIES_1_316,ACCESORIES,Sporadic Sellers,10,3.724558281741837,16,6
ACCESORIES_1_317,ACCESORIES,Everyday Essentials,8,6.160091766490148,14,6
SUPERMARKET_3_012,SUPERMARKET,Everyday Essentials,10,6.107631680558825,16,6
ACCESORIES_1_318,ACCESORIES,Sporadic Sellers,7,2.5714067505516667,13,6
HOME_&_GARDEN_1_176,HOME_&_GARDEN,Everyday Essentials,4,4.338795525489575,10,6
SUPERMARKET_1_124,SUPERMARKET,Everyday Essentials,11,6.029384143916265,17,6
HOME_&_GARDEN_2_152,HOME_&_GARDEN,Premium Niche,3,2.7648559264738184,9,6
HOME_&_GARDEN_2_052,HOME_&_GARDEN,Everyday Essentials,4,3.3016213612879777,10,6
SUPERMARKET_2_046,SUPERMARKET,Sporadic Sellers,11,3.365757545159868,17,6
SUPERMARKET_3_022,SUPERMARKET,Sporadic Sellers,3,2.0037524982589714,9,6
SUPERMARKET_1_130,SUPERMARKET,Everyday Essentials,11,7.711610476024559,17,6
SUPERMARKET_2_174,SUPERMARKET,Everyday Essentials,8,4.979695608619421,14,6
SUPERMARKET_1_195,SUPERMARKET,Everyday Essentials,12,5.956739412346573,18,6
ACCESORIES_1_333,ACCESORIES,Everyday Essentials,2,2.3849950360080077,8,6
ACCESORIES_2_094,ACCESORIES,Sporadic Sellers,4,1.950826301171236,10,6
HOME_&_GARDEN_2_096,HOME_&_GARDEN,Everyday Essentials,9,5.135913746994312,15,6
SUPERMARKET_2_179,SUPERMARKET,Sporadic Sellers,10,4.476883229774081,16,6
HOME_&_GARDEN_1_378,HOME_&_GARDEN,Seasonal Spikes,7,2.176492478290446,13,6
ACCESORIES_1_077,ACCESORIES,Premium Niche,11,4.441044720974725,17,6
SUPERMARKET_3_381,SUPERMARKET,Sporadic Sellers,3,2.42405811440321,9,6
ACCESORIES_2_095,ACCESORIES,Sporadic Sellers,2,1.5194793897171794,8,6
ACCESORIES_2_064,ACCESORIES,Sporadic Sellers,4,2.186138430703354,10,6
HOME_&_GARDEN_2_172,HOME_&_GARDEN,Everyday Essentials,11,5.944081893211789,17,6
SUPERMARKET_2_378,SUPERMARKET,Everyday Essentials,2,2.418790299157706,8,6
SUPERMARKET_3_365,SUPERMARKET,Everyday Essentials,9,5.201326526819957,15,6
HOME_&_GARDEN_2_386,HOME_&_GARDEN,Sporadic Sellers,4,2.6144755480812156,10,6
HOME_&_GARDEN_2_145,HOME_&_GARDEN,Everyday Essentials,2,3.1405130388776428,8,6
SUPERMARKET_2_037,SUPERMARKET,Everyday Essentials,4,3.141471872279899,10,6
ACCESORIES_1_410,ACCESORIES,Premium Niche,3,2.328440208504474,9,6
HOME_&_GARDEN_1_508,HOME_&_GARDEN,Everyday Essentials,11,5.505928388637294,17,6
HOME_&_GARDEN_2_361,HOME_&_GARDEN,Sporadic Sellers,3,2.48892665002721,9,6
SUPERMARKET_1_016,SUPERMARKET,Everyday Essentials,9,5.884280698950194,15,6
HOME_&_GARDEN_2_240,HOME_&_GARDEN,Seasonal Spikes,7,3.082571824981029,13,6
SUPERMARKET_2_300,SUPERMARKET,Seasonal Spikes,6,2.5378912933746256,12,6
HOME_&_GARDEN_2_128,HOME_&_GARDEN,Sporadic Sellers,2,2.3009672046520615,8,6
SUPERMARKET_3_268,SUPERMARKET,Everyday Essentials,6,3.83461663314477,12,6
SUPERMARKET_2_252,SUPERMARKET,Sporadic Sellers,2,1.3235675459353935,8,6
ACCESORIES_2_144,ACCESORIES,Sporadic Sellers,5,2.303949341051088,11,6
ACCESORIES_2_007,ACCESORIES,Everyday Essentials,8,4.382589750608857,14,6
SUPERMARKET_2_011,SUPERMARKET,Everyday Essentials,9,4.755970307674012,15,6
HOME_&_GARDEN_1_417,HOME_&_GARDEN,Everyday Essentials,10,6.390171991050552,16,6
ACCESORIES_2_011,ACCESORIES,Everyday Essentials,4,3.0368654772232833,10,6
SUPERMARKET_3_220,SUPERMARKET,Sporadic Sellers,8,2.3895587838915,14,6
SUPERMARKET_1_177,SUPERMARKET,Everyday Essentials,13,8.020410590652276,19,6
HOME_&_GARDEN_2_262,HOME_&_GARDEN,Everyday Essentials,9,5.681619029379929,15,6
HOME_&_GARDEN_1_057,HOME_&_GARDEN,Sporadic Sellers,2,2.2749247891478896,8,6
SUPERMARKET_1_070,SUPERMARKET,Sporadic Sellers,11,4.717861166499,17,6
ACCESORIES_2_015,ACCESORIES,Sporadic Sellers,2,1.357963812091855,8,6
SUPERMARKET_2_258,SUPERMARKET,Everyday Essentials,11,6.133603931552439,17,6
HOME_&_GARDEN_2_082,HOME_&_GARDEN,Sporadic Sellers,9,4.06018195153321,15,6
ACCESORIES_1_123,ACCESORIES,Premium Niche,10,4.376873086503791,16,6
HOME_&_GARDEN_2_316,HOME_&_GARDEN,Everyday Essentials,3,3.159320625242205,9,6
SUPERMARKET_2_264,SUPERMARKET,Everyday Essentials,10,5.110631711517561,16,6
HOME_&_GARDEN_2_013,HOME_&_GARDEN,Sporadic Sellers,4,2.567809305752758,10,6
HOME_&_GARDEN_2_084,HOME_&_GARDEN,Everyday Essentials,3,3.1733324494300943,9,6
HOME_&_GARDEN_1_326,HOME_&_GARDEN,Everyday Essentials,8,4.966543098971189,14,6
SUPERMARKET_3_155,SUPERMARKET,Everyday Essentials,8,5.227212369428951,14,6
ACCESORIES_1_404,ACCESORIES,Everyday Essentials,11,6.788780006750503,17,6
SUPERMARKET_2_211,SUPERMARKET,Everyday Essentials,6,4.1303558584943,12,6
SUPERMARKET_2_214,SUPERMARKET,Sporadic Sellers,4,2.2215154337170135,10,6
ACCESORIES_1_105,ACCESORIES,Everyday Essentials,6,5.079408321651352,12,6
ACCESORIES_1_020,ACCESORIES,Premium Niche,4,3.522503930207555,10,6
ACCESORIES_1_100,ACCESORIES,Premium Niche,4,3.9548471861580294,10,6
ACCESORIES_1_108,ACCESORIES,Premium Niche,8,4.91748644103899,14,6
ACCESORIES_2_147,ACCESORIES,Sporadic Sellers,8,3.4662228351123763,14,6
ACCESORIES_1_097,ACCESORIES,Everyday Essentials,4,4.330393186857204,10,6
ACCESORIES_1_219,ACCESORIES,Sporadic Sellers,6,2.772277375479734,12,6
SUPERMARKET_3_235,SUPERMARKET,Sporadic Sellers,8,3.778833882531468,14,6
HOME_&_GARDEN_1_263,HOME_&_GARDEN,Premium Niche,6,3.4085725893323837,12,6
HOME_&_GARDEN_1_211,HOME_&_GARDEN,Everyday Essentials,10,6.13212846076168,16,6
SUPERMARKET_3_492,SUPERMARKET,Everyday Essentials,11,6.7669928344510595,17,6
SUPERMARKET_2_005,SUPERMARKET,Everyday Essentials,4,3.3859260011372943,10,6
SUPERMARKET_2_265,SUPERMARKET,Sporadic Sellers,6,2.9271167936680467,12,6
SUPERMARKET_2_254,SUPERMARKET,Seasonal Spikes,3,1.852718998425143,9,6
ACCESORIES_1_159,ACCESORIES,Everyday Essentials,4,3.535350772088527,10,6
ACCESORIES_2_123,ACCESORIES,Sporadic Sellers,6,2.9644167393549417,12,6
ACCESORIES_1_380,ACCESORIES,Everyday Essentials,3,3.5964134244094135,9,6
SUPERMARKET_3_266,SUPERMARKET,Everyday Essentials,8,4.4843241827356355,14,6
HOME_&_GARDEN_2_301,HOME_&_GARDEN,Everyday Essentials,7,5.555015704022836,13,6
ACCESORIES_1_253,ACCESORIES,Premium Niche,2,1.878294872728964,8,6
HOME_&_GARDEN_1_360,HOME_&_GARDEN,Everyday Essentials,3,3.3007248674793708,9,6
ACCESORIES_1_085,ACCESORIES,Premium Niche,12,5.864197381543504,18,6
SUPERMARKET_3_690,SUPERMARKET,Sporadic Sellers,11,3.503719916495202,17,6
HOME_&_GARDEN_2_263,HOME_&_GARDEN,Sporadic Sellers,2,1.5756125848866172,8,6
SUPERMARKET_2_111,SUPERMARKET,Sporadic Sellers,5,3.0609371222775636,11,6
SUPERMARKET_2_114,SUPERMARKET,Sporadic Sellers,4,1.773051775069498,10,6
ACCESORIES_1_124,ACCESORIES,Sporadic Sellers,10,4.609085404431298,16,6
SUPERMARKET_2_270,SUPERMARKET,Sporadic Sellers,3,1.9635414419563817,9,6
ACCESORIES_2_134,ACCESORIES,Sporadic Sellers,3,2.15501012262642,9,6
ACCESORIES_1_010,ACCESORIES,Everyday Essentials,5,4.804024924045426,11,6
ACCESORIES_1_259,ACCESORIES,Everyday Essentials,12,5.622919939105782,18,6
SUPERMARKET_2_124,SUPERMARKET,Everyday Essentials,2,2.2867381471862775,8,6
ACCESORIES_1_200,ACCESORIES,Everyday Essentials,8,5.120796820220245,14,6
ACCESORIES_1_089,ACCESORIES,Everyday Essentials,6,5.3392414720563774,12,6
HOME_&_GARDEN_1_150,HOME_&_GARDEN,Premium Niche,1,1.6358113454586636,6,5
SUPERMARKET_3_158,SUPERMARKET,Everyday Essentials,6,3.424085613473707,11,5
SUPERMARKET_3_160,SUPERMARKET,Everyday Essentials,3,2.5176891131091104,8,5
HOME_&_GARDEN_2_406,HOME_&_GARDEN,Premium Niche,7,4.023866255881009,12,5
HOME_&_GARDEN_2_476,HOME_&_GARDEN,Sporadic Sellers,7,2.905382845734609,12,5
ACCESORIES_2_031,ACCESORIES,Sporadic Sellers,3,1.3912325279087618,8,5
SUPERMARKET_3_729,SUPERMARKET,Everyday Essentials,7,4.471969064571175,12,5
HOME_&_GARDEN_1_499,HOME_&_GARDEN,Everyday Essentials,4,2.8219122246221033,9,5
HOME_&_GARDEN_2_112,HOME_&_GARDEN,Everyday Essentials,2,2.125167368243328,7,5
HOME_&_GARDEN_1_309,HOME_&_GARDEN,Everyday Essentials,3,2.7931767540008785,8,5
ACCESORIES_1_099,ACCESORIES,Premium Niche,3,2.8309930213645353,8,5
HOME_&_GARDEN_2_126,HOME_&_GARDEN,Seasonal Spikes,4,2.3071895332663734,9,5
HOME_&_GARDEN_2_489,HOME_&_GARDEN,Premium Niche,5,2.6881565186434804,10,5
SUPERMARKET_3_216,SUPERMARKET,Everyday Essentials,10,4.796094128032653,15,5
HOME_&_GARDEN_2_153,HOME_&_GARDEN,Sporadic Sellers,10,2.776865800045405,15,5
SUPERMARKET_3_622,SUPERMARKET,Everyday Essentials,3,3.2423912904891337,8,5
HOME_&_GARDEN_2_311,HOME_&_GARDEN,Everyday Essentials,9,4.035638502092347,14,5
ACCESORIES_1_119,ACCESORIES,Sporadic Sellers,8,3.4182674456513356,13,5
ACCESORIES_2_071,ACCESORIES,Sporadic Sellers,5,2.3874691756343087,10,5
ACCESORIES_1_424,ACCESORIES,Everyday Essentials,1,2.3014502988088585,6,5
HOME_&_GARDEN_2_105,HOME_&_GARDEN,Everyday Essentials,4,2.7510251772690033,9,5
ACCESORIES_1_107,ACCESORIES,Sporadic Sellers,3,2.2153121260824267,8,5
HOME_&_GARDEN_1_479,HOME_&_GARDEN,Everyday Essentials,4,3.5926966914097584,9,5
ACCESORIES_2_070,ACCESORIES,Sporadic Sellers,2,1.3281127168839908,7,5
SUPERMARKET_3_188,SUPERMARKET,Everyday Essentials,4,3.018477573096526,9,5
ACCESORIES_2_069,ACCESORIES,Sporadic Sellers,3,2.3348438525933193,8,5
SUPERMARKET_2_039,SUPERMARKET,Everyday Essentials,5,3.1168574598595513,10,5
SUPERMARKET_3_724,SUPERMARKET,Everyday Essentials,8,4.02520454234744,13,5
HOME_&_GARDEN_1_139,HOME_&_GARDEN,Sporadic Sellers,5,2.4592083489639696,10,5
ACCESORIES_1_111,ACCESORIES,Everyday Essentials,7,3.77192442334991,12,5
SUPERMARKET_3_693,SUPERMARKET,Sporadic Sellers,3,1.5532816906640543,8,5
ACCESORIES_2_056,ACCESORIES,Sporadic Sellers,2,1.5959385281133276,7,5
HOME_&_GARDEN_1_163,HOME_&_GARDEN,Premium Niche,3,1.7214716365561942,8,5
ACCESORIES_2_054,ACCESORIES,Sporadic Sellers,8,3.0453037589563845,13,5
SUPERMARKET_3_713,SUPERMARKET,Sporadic Sellers,2,1.4842091599710447,7,5
ACCESORIES_2_053,ACCESORIES,Everyday Essentials,3,2.4441906146054486,8,5
ACCESORIES_1_351,ACCESORIES,Everyday Essentials,4,3.5042004862291023,9,5
ACCESORIES_1_364,ACCESORIES,Premium Niche,5,4.150586401473775,10,5
ACCESORIES_1_357,ACCESORIES,Premium Niche,5,3.275879331913498,10,5
HOME_&_GARDEN_1_158,HOME_&_GARDEN,Everyday Essentials,10,5.900319336045652,15,5
HOME_&_GARDEN_2_484,HOME_&_GARDEN,Sporadic Sellers,3,2.025092215691259,8,5
SUPERMARKET_3_687,SUPERMARKET,Everyday Essentials,1,2.661200625953972,6,5
HOME_&_GARDEN_2_509,HOME_&_GARDEN,Everyday Essentials,6,3.942715515933678,11,5
ACCESORIES_1_359,ACCESORIES,Sporadic Sellers,6,2.793627541050016,11,5
ACCESORIES_1_382,ACCESORIES,Everyday Essentials,4,3.5050866568232286,9,5
ACCESORIES_1_092,ACCESORIES,Everyday Essentials,2,2.8482006374908844,7,5
ACCESORIES_1_343,ACCESORIES,Everyday Essentials,5,4.336332964508985,10,5
ACCESORIES_2_022,ACCESORIES,Everyday Essentials,3,2.6470490236925657,8,5
HOME_&_GARDEN_1_097,HOME_&_GARDEN,Everyday Essentials,4,3.352258297998754,9,5
HOME_&_GARDEN_2_296,HOME_&_GARDEN,Everyday Essentials,7,4.0793742272810025,12,5
ACCESORIES_1_121,ACCESORIES,Sporadic Sellers,6,2.4611157616454764,11,5
HOME_&_GARDEN_2_515,HOME_&_GARDEN,Sporadic Sellers,3,1.5645001663493687,8,5
ACCESORIES_1_127,ACCESORIES,Everyday Essentials,4,2.8055757218658304,9,5
HOME_&_GARDEN_2_331,HOME_&_GARDEN,Sporadic Sellers,2,1.3428264024468624,7,5
HOME_&_GARDEN_2_493,HOME_&_GARDEN,Sporadic Sellers,3,1.846213210723275,8,5
ACCESORIES_1_388,ACCESORIES,Everyday Essentials,5,3.5438145579569778,10,5
SUPERMARKET_2_012,SUPERMARKET,Everyday Essentials,4,2.8009651871687664,9,5
HOME_&_GARDEN_1_105,HOME_&_GARDEN,Everyday Essentials,7,4.9104041630192565,12,5
HOME_&_GARDEN_1_265,HOME_&_GARDEN,Everyday Essentials,5,4.37430847700553,10,5
HOME_&_GARDEN_2_508,HOME_&_GARDEN,Premium Niche,5,2.789164905837929,10,5
SUPERMARKET_1_144,SUPERMARKET,Everyday Essentials,7,5.025887662454474,12,5
SUPERMARKET_3_309,SUPERMARKET,Everyday Essentials,3,2.6975446776618237,8,5
SUPERMARKET_3_141,SUPERMARKET,Everyday Essentials,6,4.417244793383159,11,5
HOME_&_GARDEN_2_505,HOME_&_GARDEN,Everyday Essentials,2,2.4213974523034594,7,5
HOME_&_GARDEN_2_323,HOME_&_GARDEN,Sporadic Sellers,3,1.9247592996439595,8,5
HOME_&_GARDEN_2_362,HOME_&_GARDEN,Everyday Essentials,3,2.646004647979734,8,5
SUPERMARKET_2_298,SUPERMARKET,Premium Niche,8,3.846369560491995,13,5
ACCESORIES_1_038,ACCESORIES,Everyday Essentials,3,3.057905094638181,8,5
HOME_&_GARDEN_1_433,HOME_&_GARDEN,Sporadic Sellers,5,2.050424920313922,10,5
SUPERMARKET_2_259,SUPERMARKET,Sporadic Sellers,4,2.0408312605426615,9,5
ACCESORIES_2_137,ACCESORIES,Sporadic Sellers,1,1.6743180319787938,6,5
SUPERMARKET_2_268,SUPERMARKET,Sporadic Sellers,2,1.6981683825841856,7,5
ACCESORIES_1_033,ACCESORIES,Premium Niche,5,2.513560719539176,10,5
SUPERMARKET_3_456,SUPERMARKET,Everyday Essentials,8,4.378927790410349,13,5
HOME_&_GARDEN_2_444,HOME_&_GARDEN,Everyday Essentials,3,2.848079728277766,8,5
HOME_&_GARDEN_2_378,HOME_&_GARDEN,Everyday Essentials,2,2.2676744635197497,7,5
SUPERMARKET_3_448,SUPERMARKET,Everyday Essentials,4,3.422071557510346,9,5
SUPERMARKET_3_785,SUPERMARKET,Star Products,2,2.39723144130987,7,5
SUPERMARKET_2_287,SUPERMARKET,Sporadic Sellers,2,1.4478885589622943,7,5
SUPERMARKET_2_113,SUPERMARKET,Everyday Essentials,4,2.8295266686261336,9,5
HOME_&_GARDEN_2_272,HOME_&_GARDEN,Sporadic Sellers,5,2.449852368231701,10,5
HOME_&_GARDEN_2_184,HOME_&_GARDEN,Everyday Essentials,9,5.108288626657499,14,5
SUPERMARKET_2_096,SUPERMARKET,Sporadic Sellers,4,1.6391282748139544,9,5
HOME_&_GARDEN_1_228,HOME_&_GARDEN,Everyday Essentials,8,5.356426362722751,13,5
SUPERMARKET_2_314,SUPERMARKET,Everyday Essentials,10,5.015970037439658,15,5
ACCESORIES_2_114,ACCESORIES,Sporadic Sellers,2,1.3327101349912278,7,5
SUPERMARKET_2_319,SUPERMARKET,Everyday Essentials,2,2.1063503420666776,7,5
SUPERMARKET_2_092,SUPERMARKET,Everyday Essentials,11,5.454146090365841,16,5
HOME_&_GARDEN_1_195,HOME_&_GARDEN,Everyday Essentials,3,2.8238249112167986,8,5
ACCESORIES_1_150,ACCESORIES,Everyday Essentials,8,4.831999732460361,13,5
HOME_&_GARDEN_2_276,HOME_&_GARDEN,Sporadic Sellers,2,1.4500679045268696,7,5
ACCESORIES_1_044,ACCESORIES,Everyday Essentials,5,3.9166534783918654,10,5
SUPERMARKET_2_337,SUPERMARKET,Seasonal Spikes,1,1.2429890326529467,6,5
HOME_&_GARDEN_2_190,HOME_&_GARDEN,Sporadic Sellers,2,1.8442404998635875,7,5
HOME_&_GARDEN_2_207,HOME_&_GARDEN,Everyday Essentials,2,2.1953631156948976,7,5
HOME_&_GARDEN_2_209,HOME_&_GARDEN,Everyday Essentials,5,3.4123992901386235,10,5
SUPERMARKET_2_243,SUPERMARKET,Everyday Essentials,4,2.80840917113036,9,5
SUPERMARKET_1_064,SUPERMARKET,Everyday Essentials,5,3.591811922594363,10,5
HOME_&_GARDEN_2_243,HOME_&_GARDEN,Sporadic Sellers,3,2.0370357892911297,8,5
SUPERMARKET_3_543,SUPERMARKET,Everyday Essentials,2,2.2328071253601633,7,5
SUPERMARKET_3_542,SUPERMARKET,Everyday Essentials,6,3.8393170091168334,11,5
ACCESORIES_1_180,ACCESORIES,Premium Niche,7,2.6979935685346073,12,5
HOME_&_GARDEN_2_234,HOME_&_GARDEN,Everyday Essentials,3,2.531258631783106,8,5
ACCESORIES_1_195,ACCESORIES,Premium Niche,5,3.517996278204032,10,5
HOME_&_GARDEN_2_245,HOME_&_GARDEN,Sporadic Sellers,3,1.4331122768592228,8,5
ACCESORIES_1_197,ACCESORIES,Premium Niche,3,2.494007700823933,8,5
SUPERMARKET_3_528,SUPERMARKET,Everyday Essentials,8,4.937682773423945,13,5
HOME_&_GARDEN_1_313,HOME_&_GARDEN,Everyday Essentials,8,4.90466256659959,13,5
HOME_&_GARDEN_2_385,HOME_&_GARDEN,Everyday Essentials,5,3.2170734876448135,10,5
HOME_&_GARDEN_1_008,HOME_&_GARDEN,Everyday Essentials,6,4.470646507982792,11,5
SUPERMARKET_3_559,SUPERMARKET,Everyday Essentials,7,5.769760341007755,12,5
HOME_&_GARDEN_2_252,HOME_&_GARDEN,Seasonal Spikes,1,1.8059623001209169,6,5
HOME_&_GARDEN_2_435,HOME_&_GARDEN,Everyday Essentials,1,2.0705138721992133,6,5
HOME_&_GARDEN_2_391,HOME_&_GARDEN,Premium Niche,2,2.1663210161742654,7,5
ACCESORIES_1_021,ACCESORIES,Premium Niche,2,2.171684579013122,7,5
ACCESORIES_1_216,ACCESORIES,Everyday Essentials,7,4.4926540132962245,12,5
HOME_&_GARDEN_1_047,HOME_&_GARDEN,Everyday Essentials,6,3.710196195483914,11,5
HOME_&_GARDEN_2_009,HOME_&_GARDEN,Sporadic Sellers,3,1.867787423431525,8,5
HOME_&_GARDEN_1_525,HOME_&_GARDEN,Everyday Essentials,2,2.232475628899022,7,5
ACCESORIES_1_224,ACCESORIES,Sporadic Sellers,8,3.9229603415727,13,5
HOME_&_GARDEN_2_010,HOME_&_GARDEN,Everyday Essentials,2,2.066857717210719,7,5
SUPERMARKET_1_062,SUPERMARKET,Everyday Essentials,6,4.251929645850069,11,5
HOME_&_GARDEN_2_261,HOME_&_GARDEN,Everyday Essentials,3,2.4493282054044427,8,5
ACCESORIES_2_107,ACCESORIES,Sporadic Sellers,1,1.679548783311918,6,5
HOME_&_GARDEN_2_500,HOME_&_GARDEN,Everyday Essentials,7,4.299851984137888,12,5
ACCESORIES_1_140,ACCESORIES,Sporadic Sellers,9,3.366980730664382,14,5
ACCESORIES_2_093,ACCESORIES,Sporadic Sellers,5,2.8632267159026297,10,5
ACCESORIES_1_061,ACCESORIES,Everyday Essentials,3,2.98605026269852,8,5
ACCESORIES_2_086,ACCESORIES,Sporadic Sellers,3,1.736768842594142,8,5
ACCESORIES_1_311,ACCESORIES,Premium Niche,3,1.8770524537966449,8,5
SUPERMARKET_3_600,SUPERMARKET,Sporadic Sellers,10,3.525789913025448,15,5
SUPERMARKET_2_073,SUPERMARKET,Sporadic Sellers,3,1.479821515305883,8,5
SUPERMARKET_2_370,SUPERMARKET,Everyday Essentials,10,4.287207507777127,15,5
HOME_&_GARDEN_1_181,HOME_&_GARDEN,Everyday Essentials,4,3.684989252802437,9,5
HOME_&_GARDEN_2_279,HOME_&_GARDEN,Sporadic Sellers,3,2.071644876538431,8,5
SUPERMARKET_1_114,SUPERMARKET,Seasonal Spikes,6,3.4043069746128314,11,5
HOME_&_GARDEN_2_182,HOME_&_GARDEN,Everyday Essentials,3,2.6430945996480295,8,5
ACCESORIES_1_072,ACCESORIES,Everyday Essentials,4,3.204193720691692,9,5
HOME_&_GARDEN_1_401,HOME_&_GARDEN,Premium Niche,3,2.7727860764259527,8,5
HOME_&_GARDEN_2_054,HOME_&_GARDEN,Everyday Essentials,7,4.737003735306539,12,5
ACCESORIES_1_308,ACCESORIES,Premium Niche,9,3.9872862521897305,14,5
ACCESORIES_1_301,ACCESORIES,Everyday Essentials,7,4.839525199684495,12,5
HOME_&_GARDEN_2_041,HOME_&_GARDEN,Everyday Essentials,3,2.620587474760862,8,5
ACCESORIES_1_073,ACCESORIES,Everyday Essentials,9,6.400311080412324,14,5
HOME_&_GARDEN_1_232,HOME_&_GARDEN,Everyday Essentials,2,2.5107116987013125,7,5
HOME_&_GARDEN_2_034,HOME_&_GARDEN,Premium Niche,1,1.4565824068589643,6,5
HOME_&_GARDEN_2_365,HOME_&_GARDEN,Sporadic Sellers,8,2.3288401856148746,13,5
ACCESORIES_1_402,ACCESORIES,Premium Niche,3,1.5605410454000024,7,4
ACCESORIES_1_120,ACCESORIES,Premium Niche,4,2.655308163610815,8,4
HOME_&_GARDEN_2_358,HOME_&_GARDEN,Sporadic Sellers,2,1.1092432627655324,6,4
SUPERMARKET_1_063,SUPERMARKET,Everyday Essentials,6,4.182471253095342,10,4
ACCESORIES_1_227,ACCESORIES,Everyday Essentials,3,2.0206700380848055,7,4
ACCESORIES_1_331,ACCESORIES,Sporadic Sellers,6,2.477249788969437,10,4
HOME_&_GARDEN_2_060,HOME_&_GARDEN,Sporadic Sellers,2,1.0925361969856635,6,4
ACCESORIES_1_393,ACCESORIES,Premium Niche,4,1.894269287938262,8,4
HOME_&_GARDEN_2_345,HOME_&_GARDEN,Everyday Essentials,1,1.5721957054709232,5,4
ACCESORIES_1_138,ACCESORIES,Sporadic Sellers,4,2.1083146175583023,8,4
HOME_&_GARDEN_2_397,HOME_&_GARDEN,Sporadic Sellers,2,1.1342932665407597,6,4
SUPERMARKET_3_484,SUPERMARKET,Everyday Essentials,1,1.9230272149512273,5,4
SUPERMARKET_1_034,SUPERMARKET,Everyday Essentials,6,3.400226013112954,10,4
HOME_&_GARDEN_2_368,HOME_&_GARDEN,Everyday Essentials,1,1.727237805537443,5,4
HOME_&_GARDEN_2_390,HOME_&_GARDEN,Everyday Essentials,6,3.6119055481235423,10,4
ACCESORIES_1_322,ACCESORIES,Everyday Essentials,3,1.964296052654339,7,4
HOME_&_GARDEN_1_501,HOME_&_GARDEN,Everyday Essentials,4,2.7601444588192043,8,4
SUPERMARKET_3_549,SUPERMARKET,Sporadic Sellers,5,1.8360397122157457,9,4
HOME_&_GARDEN_2_055,HOME_&_GARDEN,Premium Niche,4,2.57115200470892,8,4
HOME_&_GARDEN_2_095,HOME_&_GARDEN,Sporadic Sellers,9,3.794110896749335,13,4
HOME_&_GARDEN_2_387,HOME_&_GARDEN,Sporadic Sellers,1,1.0778403044502587,5,4
ACCESORIES_1_328,ACCESORIES,Everyday Essentials,3,2.57843295116822,7,4
HOME_&_GARDEN_1_531,HOME_&_GARDEN,Everyday Essentials,8,4.352346569081518,12,4
SUPERMARKET_3_557,SUPERMARKET,Seasonal Spikes,5,1.854691486663702,9,4
ACCESORIES_1_325,ACCESORIES,Sporadic Sellers,2,1.4906797299470609,6,4
SUPERMARKET_1_002,SUPERMARKET,Everyday Essentials,2,2.2907853069913497,6,4
HOME_&_GARDEN_2_053,HOME_&_GARDEN,Sporadic Sellers,3,1.8304273242142488,7,4
HOME_&_GARDEN_2_001,HOME_&_GARDEN,Everyday Essentials,2,2.114201833621033,6,4
SUPERMARKET_1_053,SUPERMARKET,Everyday Essentials,4,2.8489178315577797,8,4
HOME_&_GARDEN_1_504,HOME_&_GARDEN,Everyday Essentials,4,2.5692856346229354,8,4
HOME_&_GARDEN_2_355,HOME_&_GARDEN,Premium Niche,2,2.2651179958175685,6,4
SUPERMARKET_3_223,SUPERMARKET,Everyday Essentials,3,2.1470241766259672,7,4
SUPERMARKET_3_521,SUPERMARKET,Sporadic Sellers,5,1.729468904481052,9,4
HOME_&_GARDEN_2_384,HOME_&_GARDEN,Seasonal Spikes,6,2.826918093379354,10,4
ACCESORIES_1_202,ACCESORIES,Everyday Essentials,7,4.142485886255553,11,4
HOME_&_GARDEN_2_399,HOME_&_GARDEN,Sporadic Sellers,6,2.178545834609842,10,4
HOME_&_GARDEN_2_381,HOME_&_GARDEN,Sporadic Sellers,2,1.1796485609462994,6,4
HOME_&_GARDEN_2_380,HOME_&_GARDEN,Everyday Essentials,5,3.375465131437842,9,4
SUPERMARKET_1_033,SUPERMARKET,Sporadic Sellers,4,1.6882749502128132,8,4
ACCESORIES_1_213,ACCESORIES,Everyday Essentials,4,3.2149620382340145,8,4
HOME_&_GARDEN_2_398,HOME_&_GARDEN,Premium Niche,6,2.8346004899659434,10,4
ACCESORIES_1_239,ACCESORIES,Everyday Essentials,2,2.225219212280311,6,4
ACCESORIES_1_238,ACCESORIES,Everyday Essentials,2,2.334032446336022,6,4
SUPERMARKET_1_084,SUPERMARKET,Sporadic Sellers,2,1.3301138880671113,6,4
HOME_&_GARDEN_2_351,HOME_&_GARDEN,Everyday Essentials,2,1.715837899559454,6,4
HOME_&_GARDEN_2_022,HOME_&_GARDEN,Seasonal Spikes,7,2.980311172037257,11,4
ACCESORIES_1_347,ACCESORIES,Premium Niche,6,3.1037839967582297,10,4
ACCESORIES_1_265,ACCESORIES,Sporadic Sellers,5,2.4746951488507247,9,4
SUPERMARKET_3_303,SUPERMARKET,Everyday Essentials,8,4.991785451372332,12,4
ACCESORIES_1_271,ACCESORIES,Sporadic Sellers,5,2.42627062062742,9,4
HOME_&_GARDEN_2_069,HOME_&_GARDEN,Premium Niche,3,1.9256781024113356,7,4
HOME_&_GARDEN_1_155,HOME_&_GARDEN,Everyday Essentials,5,3.675152006926269,9,4
ACCESORIES_1_145,ACCESORIES,Sporadic Sellers,3,1.6192737985731032,7,4
ACCESORIES_1_272,ACCESORIES,Premium Niche,2,1.5899698389948238,6,4
HOME_&_GARDEN_2_332,HOME_&_GARDEN,Everyday Essentials,1,1.4282138262121142,5,4
SUPERMARKET_3_644,SUPERMARKET,Everyday Essentials,1,1.6308346096926778,5,4
ACCESORIES_1_290,ACCESORIES,Everyday Essentials,5,2.625012032608323,9,4
ACCESORIES_1_273,ACCESORIES,Premium Niche,2,1.9241424864346013,6,4
SUPERMARKET_1_025,SUPERMARKET,Sporadic Sellers,7,3.20409350127889,11,4
HOME_&_GARDEN_2_338,HOME_&_GARDEN,Sporadic Sellers,6,2.2531395360831494,10,4
ACCESORIES_1_368,ACCESORIES,Everyday Essentials,4,2.574541254660661,8,4
SUPERMARKET_3_401,SUPERMARKET,Everyday Essentials,2,2.2261790402272967,6,4
HOME_&_GARDEN_2_370,HOME_&_GARDEN,Sporadic Sellers,5,2.633108574862425,9,4
HOME_&_GARDEN_2_070,HOME_&_GARDEN,Everyday Essentials,3,2.1305507629109743,7,4
SUPERMARKET_1_098,SUPERMARKET,Sporadic Sellers,5,1.8110842653747292,9,4
SUPERMARKET_3_408,SUPERMARKET,Everyday Essentials,3,2.2719227295159934,7,4
HOME_&_GARDEN_2_340,HOME_&_GARDEN,Seasonal Spikes,3,1.2465051875030797,7,4
HOME_&_GARDEN_1_337,HOME_&_GARDEN,Everyday Essentials,3,2.005592738188441,7,4
HOME_&_GARDEN_2_021,HOME_&_GARDEN,Everyday Essentials,3,2.7868559082887954,7,4
ACCESORIES_1_345,ACCESORIES,Everyday Essentials,4,3.2786599188631307,8,4
ACCESORIES_1_143,ACCESORIES,Everyday Essentials,2,2.0959798641362166,6,4
HOME_&_GARDEN_2_327,HOME_&_GARDEN,Everyday Essentials,3,2.2598265993760447,7,4
HOME_&_GARDEN_2_031,HOME_&_GARDEN,Sporadic Sellers,2,1.5875277018013323,6,4
HOME_&_GARDEN_1_207,HOME_&_GARDEN,Premium Niche,4,2.21188817256677,8,4
ACCESORIES_1_163,ACCESORIES,Premium Niche,1,1.822482431176392,5,4
HOME_&_GARDEN_2_328,HOME_&_GARDEN,Everyday Essentials,7,3.5544530928986457,11,4
SUPERMARKET_3_380,SUPERMARKET,Everyday Essentials,3,2.489125310851915,7,4
SUPERMARKET_3_466,SUPERMARKET,Seasonal Spikes,3,1.0795512157537592,7,4
HOME_&_GARDEN_2_016,HOME_&_GARDEN,Everyday Essentials,4,2.401705872974915,8,4
HOME_&_GARDEN_2_017,HOME_&_GARDEN,Sporadic Sellers,2,1.2072819274084914,6,4
ACCESORIES_1_299,ACCESORIES,Sporadic Sellers,1,1.403795104056669,5,4
HOME_&_GARDEN_2_019,HOME_&_GARDEN,Premium Niche,2,1.8265257316564996,6,4
ACCESORIES_1_379,ACCESORIES,Everyday Essentials,5,3.702597965267412,9,4
HOME_&_GARDEN_2_330,HOME_&_GARDEN,Sporadic Sellers,6,1.8379063909541316,10,4
SUPERMARKET_1_075,SUPERMARKET,Seasonal Spikes,7,3.0228399588952204,11,4
ACCESORIES_1_377,ACCESORIES,Premium Niche,3,2.4556825020042603,7,4
SUPERMARKET_1_077,SUPERMARKET,Sporadic Sellers,4,1.9094055187196248,8,4
ACCESORIES_1_160,ACCESORIES,Premium Niche,2,2.1152481251152455,6,4
ACCESORIES_1_144,ACCESORIES,Premium Niche,5,3.447617343895856,9,4
ACCESORIES_1_125,ACCESORIES,Premium Niche,5,1.493536252824394,9,4
ACCESORIES_1_292,ACCESORIES,Sporadic Sellers,8,2.9477584893371995,12,4
SUPERMARKET_3_336,SUPERMARKET,Everyday Essentials,4,2.6861133273016593,8,4
HOME_&_GARDEN_2_429,HOME_&_GARDEN,Sporadic Sellers,1,1.2191947991061225,5,4
HOME_&_GARDEN_2_281,HOME_&_GARDEN,Everyday Essentials,2,2.095906554394256,6,4
ACCESORIES_1_081,ACCESORIES,Premium Niche,7,3.057982097737762,11,4
HOME_&_GARDEN_2_165,HOME_&_GARDEN,Sporadic Sellers,3,2.004678613750136,7,4
HOME_&_GARDEN_2_285,HOME_&_GARDEN,Everyday Essentials,2,2.12764380188665,6,4
SUPERMARKET_2_064,SUPERMARKET,Everyday Essentials,2,1.8425379028477613,6,4
ACCESORIES_1_060,ACCESORIES,Premium Niche,2,1.7201410853240136,6,4
ACCESORIES_1_057,ACCESORIES,Everyday Essentials,4,2.929279345982146,8,4
HOME_&_GARDEN_2_280,HOME_&_GARDEN,Sporadic Sellers,3,1.488067273791113,7,4
HOME_&_GARDEN_2_177,HOME_&_GARDEN,Sporadic Sellers,3,1.4749191399547568,7,4
HOME_&_GARDEN_2_461,HOME_&_GARDEN,Premium Niche,1,1.5530508185486558,5,4
HOME_&_GARDEN_2_460,HOME_&_GARDEN,Sporadic Sellers,5,2.632130852791499,9,4
ACCESORIES_2_101,ACCESORIES,Sporadic Sellers,6,2.384137077845063,10,4
HOME_&_GARDEN_2_183,HOME_&_GARDEN,Everyday Essentials,4,2.985472471800835,8,4
HOME_&_GARDEN_1_085,HOME_&_GARDEN,Premium Niche,1,1.3067819685655524,5,4
ACCESORIES_2_104,ACCESORIES,Sporadic Sellers,5,1.9974545029086,9,4
ACCESORIES_2_105,ACCESORIES,Sporadic Sellers,2,1.5960377074655006,6,4
ACCESORIES_1_047,ACCESORIES,Everyday Essentials,2,2.493591083569517,6,4
SUPERMARKET_2_058,SUPERMARKET,Everyday Essentials,4,3.116997642701932,8,4
ACCESORIES_2_087,ACCESORIES,Sporadic Sellers,4,1.787795584903235,8,4
HOME_&_GARDEN_2_162,HOME_&_GARDEN,Seasonal Spikes,2,0.8836507701934528,6,4
HOME_&_GARDEN_1_377,HOME_&_GARDEN,Everyday Essentials,7,4.942739292353284,11,4
HOME_&_GARDEN_2_486,HOME_&_GARDEN,Everyday Essentials,5,3.4358546581222855,9,4
HOME_&_GARDEN_2_137,HOME_&_GARDEN,Everyday Essentials,2,1.979227710393004,6,4
ACCESORIES_2_047,ACCESORIES,Sporadic Sellers,4,1.4987113060820572,8,4
ACCESORIES_2_057,ACCESORIES,Sporadic Sellers,1,1.0180547232823496,5,4
SUPERMARKET_3_717,SUPERMARKET,Everyday Essentials,4,3.1898001240116582,8,4
HOME_&_GARDEN_1_104,HOME_&_GARDEN,Sporadic Sellers,3,1.549420290480892,7,4
HOME_&_GARDEN_2_293,HOME_&_GARDEN,Everyday Essentials,7,3.3771378519941524,11,4
ACCESORIES_2_081,ACCESORIES,Sporadic Sellers,2,1.2034284648924964,6,4
SUPERMARKET_3_050,SUPERMARKET,Everyday Essentials,4,3.1101233638068377,8,4
ACCESORIES_2_073,ACCESORIES,Sporadic Sellers,5,1.972903018899002,9,4
HOME_&_GARDEN_2_475,HOME_&_GARDEN,Sporadic Sellers,2,1.7023366953453356,6,4
ACCESORIES_2_078,ACCESORIES,Sporadic Sellers,2,1.5877444728909107,6,4
HOME_&_GARDEN_2_156,HOME_&_GARDEN,Sporadic Sellers,4,2.4078854721085037,8,4
SUPERMARKET_3_736,SUPERMARKET,Sporadic Sellers,6,2.412955851154525,10,4
SUPERMARKET_2_341,SUPERMARKET,Sporadic Sellers,6,2.153936252943216,10,4
SUPERMARKET_2_330,SUPERMARKET,Everyday Essentials,3,2.7027669815612825,7,4
SUPERMARKET_2_090,SUPERMARKET,Sporadic Sellers,3,1.2029460282278897,7,4
HOME_&_GARDEN_2_436,HOME_&_GARDEN,Sporadic Sellers,5,2.2704787031950424,9,4
HOME_&_GARDEN_2_259,HOME_&_GARDEN,Everyday Essentials,3,2.5528995418902847,7,4
ACCESORIES_1_028,ACCESORIES,Everyday Essentials,4,3.246392969046369,8,4
ACCESORIES_1_027,ACCESORIES,Premium Niche,4,1.8107618200032096,8,4
ACCESORIES_1_025,ACCESORIES,Everyday Essentials,8,4.191477227122869,12,4
SUPERMARKET_2_228,SUPERMARKET,Sporadic Sellers,5,2.5064959804038622,9,4
SUPERMARKET_2_226,SUPERMARKET,Sporadic Sellers,1,1.1980046387491126,5,4
ACCESORIES_1_018,ACCESORIES,Premium Niche,1,0.9926918284289784,5,4
SUPERMARKET_2_239,SUPERMARKET,Seasonal Spikes,4,1.6814783176493562,8,4
HOME_&_GARDEN_2_227,HOME_&_GARDEN,Sporadic Sellers,2,1.5132576994759517,6,4
SUPERMARKET_2_156,SUPERMARKET,Everyday Essentials,3,2.385891820021859,7,4
SUPERMARKET_2_195,SUPERMARKET,Everyday Essentials,3,1.7418621900975009,7,4
SUPERMARKET_2_193,SUPERMARKET,Sporadic Sellers,6,2.4007487176773936,10,4
HOME_&_GARDEN_1_015,HOME_&_GARDEN,Seasonal Spikes,5,2.07356150765437,9,4
SUPERMARKET_2_161,SUPERMARKET,Everyday Essentials,1,1.5433127564229747,5,4
HOME_&_GARDEN_2_260,HOME_&_GARDEN,Everyday Essentials,2,2.025530893757966,6,4
ACCESORIES_2_143,ACCESORIES,Sporadic Sellers,1,1.0141441373310611,5,4
ACCESORIES_2_112,ACCESORIES,Sporadic Sellers,1,1.1808511807354611,5,4
ACCESORIES_2_128,ACCESORIES,Everyday Essentials,5,2.6783272964664007,9,4
SUPERMARKET_3_778,SUPERMARKET,Everyday Essentials,6,3.209293303528818,10,4
ACCESORIES_2_115,ACCESORIES,Everyday Essentials,3,2.5700593581761058,7,4
SUPERMARKET_2_313,SUPERMARKET,Premium Niche,1,1.3956000557003578,5,4
HOME_&_GARDEN_1_069,HOME_&_GARDEN,Everyday Essentials,6,4.46368089308211,10,4
SUPERMARKET_2_308,SUPERMARKET,Everyday Essentials,3,2.1756046018416355,7,4
SUPERMARKET_2_305,SUPERMARKET,Premium Niche,4,2.2787233762619956,8,4
HOME_&_GARDEN_2_268,HOME_&_GARDEN,Everyday Essentials,5,2.778305094335552,9,4
HOME_&_GARDEN_1_054,HOME_&_GARDEN,Sporadic Sellers,3,1.5195736440087808,7,4
HOME_&_GARDEN_1_059,HOME_&_GARDEN,Everyday Essentials,6,3.513124223260473,10,4
ACCESORIES_2_130,ACCESORIES,Sporadic Sellers,1,1.32793997697781,5,4
HOME_&_GARDEN_2_206,HOME_&_GARDEN,Everyday Essentials,4,2.598562438917462,8,4
ACCESORIES_2_133,ACCESORIES,Everyday Essentials,7,3.313498661143285,11,4
HOME_&_GARDEN_1_056,HOME_&_GARDEN,Premium Niche,5,2.8052441472132017,9,4
SUPERMARKET_2_129,SUPERMARKET,Premium Niche,2,1.6211967243813037,6,4
HOME_&_GARDEN_1_472,HOME_&_GARDEN,Everyday Essentials,2,2.145015897944563,6,4
HOME_&_GARDEN_1_323,HOME_&_GARDEN,Seasonal Spikes,4,1.445073790283785,8,4
ACCESORIES_2_017,ACCESORIES,Sporadic Sellers,7,2.825941929434234,11,4
HOME_&_GARDEN_1_134,HOME_&_GARDEN,Everyday Essentials,5,2.9532962236352005,9,4
ACCESORIES_1_102,ACCESORIES,Sporadic Sellers,2,1.3539443954106705,6,4
HOME_&_GARDEN_1_365,HOME_&_GARDEN,Everyday Essentials,8,5.612576708725491,12,4
ACCESORIES_1_106,ACCESORIES,Sporadic Sellers,6,2.861264545758317,10,4
SUPERMARKET_3_666,SUPERMARKET,Everyday Essentials,3,2.40841340375761,7,4
SUPERMARKET_1_211,SUPERMARKET,Sporadic Sellers,3,2.0403652125417673,7,4
HOME_&_GARDEN_2_308,HOME_&_GARDEN,Everyday Essentials,5,2.9541328553643096,9,4
ACCESORIES_1_418,ACCESORIES,Everyday Essentials,3,2.0032248460061757,7,4
ACCESORIES_1_414,ACCESORIES,Everyday Essentials,1,1.4248745287690825,5,4
HOME_&_GARDEN_1_367,HOME_&_GARDEN,Everyday Essentials,6,3.478383763802064,10,4
HOME_&_GARDEN_2_304,HOME_&_GARDEN,Sporadic Sellers,2,1.5573242964632823,6,4
ACCESORIES_2_025,ACCESORIES,Sporadic Sellers,5,1.592918460324564,9,4
HOME_&_GARDEN_2_307,HOME_&_GARDEN,Sporadic Sellers,2,0.9346812720236912,6,4
ACCESORIES_2_014,ACCESORIES,Sporadic Sellers,2,1.061160940742838,6,4
HOME_&_GARDEN_2_302,HOME_&_GARDEN,Sporadic Sellers,2,1.485454087968615,6,4
ACCESORIES_2_016,ACCESORIES,Sporadic Sellers,1,1.1875059879891738,5,4
ACCESORIES_2_004,ACCESORIES,Everyday Essentials,1,1.3833685974232597,5,4
SUPERMARKET_3_442,SUPERMARKET,Sporadic Sellers,1,0.998345599755049,4,3
HOME_&_GARDEN_2_020,HOME_&_GARDEN,Sporadic Sellers,2,1.076592864219466,5,3
HOME_&_GARDEN_2_198,HOME_&_GARDEN,Premium Niche,4,2.3576025215145293,7,3
ACCESORIES_2_001,ACCESORIES,Sporadic Sellers,1,1.0168044148438729,4,3
HOME_&_GARDEN_2_334,HOME_&_GARDEN,Everyday Essentials,3,1.5700166719212667,6,3
HOME_&_GARDEN_1_060,HOME_&_GARDEN,Premium Niche,3,1.2757593158054084,6,3
HOME_&_GARDEN_2_269,HOME_&_GARDEN,Premium Niche,2,1.5485979549834237,5,3
HOME_&_GARDEN_2_445,HOME_&_GARDEN,Sporadic Sellers,1,1.0871453176344372,4,3
ACCESORIES_1_405,ACCESORIES,Premium Niche,3,1.671478840058069,6,3
HOME_&_GARDEN_2_205,HOME_&_GARDEN,Sporadic Sellers,2,1.222387952089626,5,3
HOME_&_GARDEN_1_146,HOME_&_GARDEN,Everyday Essentials,2,1.8131325323064655,5,3
ACCESORIES_1_250,ACCESORIES,Sporadic Sellers,3,1.7094684541605152,6,3
ACCESORIES_1_249,ACCESORIES,Everyday Essentials,5,3.224304553457106,8,3
ACCESORIES_1_245,ACCESORIES,Sporadic Sellers,2,1.251858219295998,5,3
SUPERMARKET_3_790,SUPERMARKET,Sporadic Sellers,1,0.6999680008044513,4,3
ACCESORIES_1_109,ACCESORIES,Everyday Essentials,3,1.932253483490993,6,3
SUPERMARKET_2_127,SUPERMARKET,Everyday Essentials,2,1.4911464380499804,5,3
HOME_&_GARDEN_2_497,HOME_&_GARDEN,Everyday Essentials,4,2.401901549265694,7,3
SUPERMARKET_1_030,SUPERMARKET,Everyday Essentials,5,2.0989807314605455,8,3
SUPERMARKET_3_779,SUPERMARKET,Sporadic Sellers,4,1.7963737149887613,7,3
HOME_&_GARDEN_2_271,HOME_&_GARDEN,Everyday Essentials,3,1.811443744458503,6,3
HOME_&_GARDEN_1_230,HOME_&_GARDEN,Everyday Essentials,4,2.456333930093811,7,3
HOME_&_GARDEN_2_085,HOME_&_GARDEN,Sporadic Sellers,2,0.9610111087345232,5,3
SUPERMARKET_2_350,SUPERMARKET,Sporadic Sellers,6,2.055514635350588,9,3
ACCESORIES_1_146,ACCESORIES,Everyday Essentials,5,2.693907594702396,8,3
HOME_&_GARDEN_2_367,HOME_&_GARDEN,Everyday Essentials,3,1.945915383143058,6,3
ACCESORIES_2_106,ACCESORIES,Sporadic Sellers,3,1.2421084971126384,6,3
ACCESORIES_1_095,ACCESORIES,Premium Niche,0,0.7466366782566982,3,3
HOME_&_GARDEN_1_078,HOME_&_GARDEN,Everyday Essentials,3,1.912866887581865,6,3
SUPERMARKET_3_548,SUPERMARKET,Everyday Essentials,0,0.6644820756368108,3,3
HOME_&_GARDEN_1_189,HOME_&_GARDEN,Seasonal Spikes,0,0.5212076868542413,3,3
ACCESORIES_2_041,ACCESORIES,Sporadic Sellers,4,1.140308138392358,7,3
ACCESORIES_2_110,ACCESORIES,Sporadic Sellers,1,0.7367113052853567,4,3
SUPERMARKET_3_161,SUPERMARKET,Everyday Essentials,4,2.697243338318137,7,3
ACCESORIES_2_138,ACCESORIES,Sporadic Sellers,1,0.815184153702184,4,3
ACCESORIES_1_396,ACCESORIES,Sporadic Sellers,2,1.359534764218176,5,3
HOME_&_GARDEN_1_229,HOME_&_GARDEN,Everyday Essentials,5,2.54161618815619,8,3
SUPERMARKET_3_419,SUPERMARKET,Sporadic Sellers,3,1.287118036643817,6,3
SUPERMARKET_3_420,SUPERMARKET,Everyday Essentials,6,3.274927405241711,9,3
HOME_&_GARDEN_2_087,HOME_&_GARDEN,Sporadic Sellers,1,0.817374191719836,4,3
SUPERMARKET_2_316,SUPERMARKET,Premium Niche,4,1.5310114636107917,7,3
ACCESORIES_1_399,ACCESORIES,Everyday Essentials,1,1.469898404591909,4,3
HOME_&_GARDEN_2_026,HOME_&_GARDEN,Sporadic Sellers,2,1.1439497757724728,5,3
ACCESORIES_2_118,ACCESORIES,Sporadic Sellers,4,1.7038283064634192,7,3
ACCESORIES_1_267,ACCESORIES,Sporadic Sellers,3,1.4479647688575712,6,3
HOME_&_GARDEN_1_340,HOME_&_GARDEN,Everyday Essentials,2,1.53737253649475,5,3
HOME_&_GARDEN_2_015,HOME_&_GARDEN,Everyday Essentials,3,1.9966309324633431,6,3
ACCESORIES_1_237,ACCESORIES,Everyday Essentials,1,1.382530249495444,4,3
ACCESORIES_1_406,ACCESORIES,Everyday Essentials,3,2.024260959321367,6,3
HOME_&_GARDEN_2_224,HOME_&_GARDEN,Everyday Essentials,3,1.931861186630205,6,3
ACCESORIES_1_207,ACCESORIES,Everyday Essentials,4,2.393744155428469,7,3
SUPERMARKET_2_207,SUPERMARKET,Everyday Essentials,1,1.0905229148455076,4,3
ACCESORIES_1_176,ACCESORIES,Sporadic Sellers,4,2.134608646907406,7,3
HOME_&_GARDEN_2_425,HOME_&_GARDEN,Premium Niche,2,1.431079291511876,5,3
SUPERMARKET_2_205,SUPERMARKET,Everyday Essentials,1,1.2355440110224447,4,3
SUPERMARKET_1_199,SUPERMARKET,Everyday Essentials,4,2.113947601054312,7,3
HOME_&_GARDEN_2_228,HOME_&_GARDEN,Everyday Essentials,4,2.5566987686310494,7,3
HOME_&_GARDEN_2_247,HOME_&_GARDEN,Everyday Essentials,4,2.7082175160016417,7,3
SUPERMARKET_3_522,SUPERMARKET,Sporadic Sellers,1,0.956878892747168,4,3
HOME_&_GARDEN_2_246,HOME_&_GARDEN,Everyday Essentials,2,1.642494865751872,5,3
ACCESORIES_1_012,ACCESORIES,Everyday Essentials,5,3.1461816031662178,8,3
ACCESORIES_1_199,ACCESORIES,Everyday Essentials,1,1.2478767485195057,4,3
HOME_&_GARDEN_2_098,HOME_&_GARDEN,Everyday Essentials,5,2.427173134449381,8,3
HOME_&_GARDEN_2_503,HOME_&_GARDEN,Sporadic Sellers,1,1.0678471656329749,4,3
HOME_&_GARDEN_2_244,HOME_&_GARDEN,Everyday Essentials,1,1.4103759911168474,4,3
SUPERMARKET_1_197,SUPERMARKET,Everyday Essentials,2,1.606664472713574,5,3
SUPERMARKET_2_160,SUPERMARKET,Everyday Essentials,2,1.4734232787631072,5,3
ACCESORIES_1_193,ACCESORIES,Premium Niche,2,1.3914660289474607,5,3
HOME_&_GARDEN_1_422,HOME_&_GARDEN,Everyday Essentials,2,1.9827559654455829,5,3
ACCESORIES_1_007,ACCESORIES,Premium Niche,3,1.601501986917883,6,3
HOME_&_GARDEN_2_235,HOME_&_GARDEN,Everyday Essentials,3,1.9733411798135996,6,3
ACCESORIES_1_190,ACCESORIES,Premium Niche,1,0.8531118371149918,4,3
SUPERMARKET_3_823,SUPERMARKET,Sporadic Sellers,4,1.5900968700492606,7,3
HOME_&_GARDEN_2_238,HOME_&_GARDEN,Premium Niche,2,1.420912260750801,5,3
SUPERMARKET_3_824,SUPERMARKET,Everyday Essentials,2,1.3739338746431606,5,3
SUPERMARKET_3_512,SUPERMARKET,Sporadic Sellers,2,0.9776284716557108,5,3
HOME_&_GARDEN_2_223,HOME_&_GARDEN,Premium Niche,3,2.20105033172652,6,3
ACCESORIES_2_141,ACCESORIES,Sporadic Sellers,0,0.6941467571330059,3,3
HOME_&_GARDEN_2_433,HOME_&_GARDEN,Everyday Essentials,2,1.579295438029574,5,3
ACCESORIES_1_031,ACCESORIES,Premium Niche,4,2.718609818692432,7,3
ACCESORIES_1_165,ACCESORIES,Everyday Essentials,3,1.9305840932677,6,3
ACCESORIES_2_103,ACCESORIES,Everyday Essentials,5,2.637612134491106,8,3
ACCESORIES_1_407,ACCESORIES,Everyday Essentials,6,3.708821440351641,9,3
SUPERMARKET_3_798,SUPERMARKET,Sporadic Sellers,4,1.6067338016308976,7,3
SUPERMARKET_3_799,SUPERMARKET,Everyday Essentials,1,1.03790167995186,4,3
ACCESORIES_1_110,ACCESORIES,Everyday Essentials,2,1.6998191138973322,5,3
ACCESORIES_1_230,ACCESORIES,Sporadic Sellers,1,1.0530889897851174,4,3
HOME_&_GARDEN_1_052,HOME_&_GARDEN,Sporadic Sellers,1,1.0551453574979497,4,3
HOME_&_GARDEN_2_091,HOME_&_GARDEN,Premium Niche,4,1.685896991597028,7,3
HOME_&_GARDEN_1_210,HOME_&_GARDEN,Seasonal Spikes,0,0.5156753056069947,3,3
SUPERMARKET_3_483,SUPERMARKET,Sporadic Sellers,1,0.9822565591807806,4,3
HOME_&_GARDEN_2_214,HOME_&_GARDEN,Everyday Essentials,6,3.021506513939554,9,3
HOME_&_GARDEN_2_104,HOME_&_GARDEN,Everyday Essentials,4,2.0146179537799225,7,3
ACCESORIES_1_225,ACCESORIES,Premium Niche,4,2.4489334377159735,7,3
HOME_&_GARDEN_2_257,HOME_&_GARDEN,Everyday Essentials,5,2.5523470650043443,8,3
HOME_&_GARDEN_2_424,HOME_&_GARDEN,Everyday Essentials,1,1.293913632574481,4,3
HOME_&_GARDEN_2_008,HOME_&_GARDEN,Sporadic Sellers,4,1.763089179558131,7,3
HOME_&_GARDEN_2_007,HOME_&_GARDEN,Everyday Essentials,5,2.3817716842222554,8,3
ACCESORIES_1_220,ACCESORIES,Everyday Essentials,5,2.51288425415736,8,3
ACCESORIES_1_024,ACCESORIES,Premium Niche,2,1.4137242275850326,5,3
ACCESORIES_1_217,ACCESORIES,Sporadic Sellers,1,0.9424305302806568,4,3
ACCESORIES_2_148,ACCESORIES,Seasonal Spikes,1,0.91961380750445,4,3
HOME_&_GARDEN_2_318,HOME_&_GARDEN,Sporadic Sellers,1,0.8107032750322561,4,3
ACCESORIES_1_214,ACCESORIES,Premium Niche,3,1.739758710841178,6,3
HOME_&_GARDEN_1_250,HOME_&_GARDEN,Sporadic Sellers,4,1.7515767601624963,7,3
HOME_&_GARDEN_2_030,HOME_&_GARDEN,Everyday Essentials,4,2.880990461519689,7,3
SUPERMARKET_3_397,SUPERMARKET,Everyday Essentials,2,1.650099585635649,5,3
SUPERMARKET_1_148,SUPERMARKET,Sporadic Sellers,4,1.6071919991418198,7,3
SUPERMARKET_3_314,SUPERMARKET,Everyday Essentials,2,1.4504890906979833,5,3
SUPERMARKET_1_141,SUPERMARKET,Everyday Essentials,2,1.557706995679852,5,3
SUPERMARKET_3_627,SUPERMARKET,Everyday Essentials,2,1.5918008730233364,5,3
SUPERMARKET_3_123,SUPERMARKET,Everyday Essentials,3,1.6583379174474313,6,3
ACCESORIES_1_336,ACCESORIES,Sporadic Sellers,4,1.4426134327832554,7,3
ACCESORIES_2_065,ACCESORIES,Sporadic Sellers,3,1.1241192092292256,6,3
HOME_&_GARDEN_2_148,HOME_&_GARDEN,Sporadic Sellers,1,0.8363882349815053,4,3
HOME_&_GARDEN_1_120,HOME_&_GARDEN,Everyday Essentials,4,2.538386619288624,7,3
ACCESORIES_1_075,ACCESORIES,Everyday Essentials,4,2.92332404376368,7,3
SUPERMARKET_1_136,SUPERMARKET,Everyday Essentials,2,1.6365021495139105,5,3
HOME_&_GARDEN_2_478,HOME_&_GARDEN,Sporadic Sellers,1,1.0371972482626235,4,3
HOME_&_GARDEN_2_347,HOME_&_GARDEN,Premium Niche,4,2.123252811081591,7,3
ACCESORIES_2_067,ACCESORIES,Sporadic Sellers,1,0.6697474945380669,4,3
SUPERMARKET_2_045,SUPERMARKET,Sporadic Sellers,1,0.9525008207940262,4,3
SUPERMARKET_3_035,SUPERMARKET,Everyday Essentials,6,4.212740511488431,9,3
HOME_&_GARDEN_2_056,HOME_&_GARDEN,Sporadic Sellers,3,1.779248470204796,6,3
ACCESORIES_2_072,ACCESORIES,Sporadic Sellers,2,1.06238676562501,5,3
ACCESORIES_2_074,ACCESORIES,Everyday Essentials,0,0.8095794964959837,3,3
HOME_&_GARDEN_2_291,HOME_&_GARDEN,Sporadic Sellers,3,1.6816138969278305,6,3
ACCESORIES_2_008,ACCESORIES,Everyday Essentials,2,1.3357997049746475,5,3
HOME_&_GARDEN_1_293,HOME_&_GARDEN,Premium Niche,1,0.7982244826714675,4,3
SUPERMARKET_3_732,SUPERMARKET,Everyday Essentials,2,1.7410551118227082,5,3
HOME_&_GARDEN_2_116,HOME_&_GARDEN,Sporadic Sellers,5,1.8710859731905192,8,3
ACCESORIES_2_023,ACCESORIES,Sporadic Sellers,2,0.7520042418559373,5,3
SUPERMARKET_3_341,SUPERMARKET,Everyday Essentials,4,2.109175785612439,7,3
HOME_&_GARDEN_2_157,HOME_&_GARDEN,Sporadic Sellers,2,1.0438598977587332,5,3
ACCESORIES_1_135,ACCESORIES,Premium Niche,5,1.954037367971985,8,3
ACCESORIES_1_340,ACCESORIES,Sporadic Sellers,2,1.0999311170718429,5,3
ACCESORIES_1_342,ACCESORIES,Premium Niche,4,2.219115307288952,7,3
SUPERMARKET_3_017,SUPERMARKET,Everyday Essentials,1,1.126142865585574,4,3
ACCESORIES_2_060,ACCESORIES,Everyday Essentials,3,1.763874080433891,6,3
ACCESORIES_2_044,ACCESORIES,Sporadic Sellers,3,1.5388682978354835,6,3
HOME_&_GARDEN_1_493,HOME_&_GARDEN,Everyday Essentials,3,2.007329292416394,6,3
SUPERMARKET_1_164,SUPERMARKET,Everyday Essentials,2,1.4460226247256982,5,3
ACCESORIES_1_365,ACCESORIES,Everyday Essentials,2,1.4673385408938016,5,3
ACCESORIES_2_045,ACCESORIES,Sporadic Sellers,3,1.2097209061312142,6,3
ACCESORIES_1_363,ACCESORIES,Everyday Essentials,1,1.177929748429564,4,3
HOME_&_GARDEN_2_133,HOME_&_GARDEN,Everyday Essentials,4,2.5206797659657196,7,3
HOME_&_GARDEN_2_336,HOME_&_GARDEN,Everyday Essentials,4,2.761347900417676,7,3
HOME_&_GARDEN_2_333,HOME_&_GARDEN,Seasonal Spikes,3,1.289864527055663,6,3
HOME_&_GARDEN_2_130,HOME_&_GARDEN,Sporadic Sellers,1,0.5468805003787623,4,3
HOME_&_GARDEN_2_300,HOME_&_GARDEN,Sporadic Sellers,3,1.629732387044209,6,3
HOME_&_GARDEN_2_077,HOME_&_GARDEN,Sporadic Sellers,2,0.8719742098855833,5,3
ACCESORIES_1_360,ACCESORIES,Premium Niche,4,2.092218852888581,7,3
ACCESORIES_2_048,ACCESORIES,Sporadic Sellers,4,1.8450715377883156,7,3
HOME_&_GARDEN_1_253,HOME_&_GARDEN,Sporadic Sellers,0,0.6193458276154598,3,3
ACCESORIES_2_050,ACCESORIES,Sporadic Sellers,1,1.0438294835824666,4,3
SUPERMARKET_1_159,SUPERMARKET,Sporadic Sellers,4,1.3456771027378789,7,3
HOME_&_GARDEN_1_375,HOME_&_GARDEN,Everyday Essentials,6,2.8912193861323208,9,3
ACCESORIES_2_051,ACCESORIES,Everyday Essentials,4,2.0436949568884435,7,3
ACCESORIES_2_052,ACCESORIES,Sporadic Sellers,3,1.3392233086272856,6,3
SUPERMARKET_3_078,SUPERMARKET,Everyday Essentials,4,1.9478772582680215,7,3
HOME_&_GARDEN_1_466,HOME_&_GARDEN,Sporadic Sellers,4,1.6472067340484586,7,3
HOME_&_GARDEN_1_464,HOME_&_GARDEN,Premium Niche,4,2.467428691350947,7,3
ACCESORIES_2_035,ACCESORIES,Sporadic Sellers,2,0.8862738586671234,5,3
SUPERMARKET_3_071,SUPERMARKET,Everyday Essentials,1,1.3776600776944044,4,3
ACCESORIES_2_058,ACCESORIES,Sporadic Sellers,1,0.7075345592949184,4,3
HOME_&_GARDEN_1_252,HOME_&_GARDEN,Premium Niche,1,1.359807833952024,4,3
HOME_&_GARDEN_1_502,HOME_&_GARDEN,Sporadic Sellers,4,1.4174938918813562,7,3
HOME_&_GARDEN_2_290,HOME_&_GARDEN,Sporadic Sellers,4,1.9517410400396993,7,3
ACCESORIES_1_114,ACCESORIES,Sporadic Sellers,1,1.154303172811676,4,3
HOME_&_GARDEN_2_287,HOME_&_GARDEN,Everyday Essentials,1,1.2562384429457882,4,3
ACCESORIES_1_391,ACCESORIES,Sporadic Sellers,1,0.9480033116143776,4,3
ACCESORIES_1_390,ACCESORIES,Premium Niche,3,2.108227439985219,6,3
HOME_&_GARDEN_1_089,HOME_&_GARDEN,Everyday Essentials,4,2.249868494694247,7,3
SUPERMARKET_2_389,SUPERMARKET,Premium Niche,1,0.8147374596227678,4,3
ACCESORIES_2_013,ACCESORIES,Premium Niche,2,1.3044151803573194,5,3
ACCESORIES_1_389,ACCESORIES,Premium Niche,6,1.7622672605743448,9,3
SUPERMARKET_3_601,SUPERMARKET,Sporadic Sellers,1,0.6729065175355896,4,3
HOME_&_GARDEN_2_417,HOME_&_GARDEN,Everyday Essentials,2,1.811128822776267,5,3
ACCESORIES_1_305,ACCESORIES,Everyday Essentials,2,1.603678628194413,5,3
ACCESORIES_2_012,ACCESORIES,Sporadic Sellers,2,0.7897862819469348,5,3
ACCESORIES_1_304,ACCESORIES,Sporadic Sellers,4,1.9304128083014591,7,3
ACCESORIES_2_010,ACCESORIES,Sporadic Sellers,2,0.8864331125853294,5,3
ACCESORIES_1_411,ACCESORIES,Everyday Essentials,5,3.113003454919148,8,3
ACCESORIES_1_054,ACCESORIES,Sporadic Sellers,4,1.31055123861912,7,3
HOME_&_GARDEN_2_168,HOME_&_GARDEN,Everyday Essentials,2,1.4153476541546486,5,3
ACCESORIES_2_096,ACCESORIES,Everyday Essentials,2,1.3163325734007951,5,3
HOME_&_GARDEN_1_260,HOME_&_GARDEN,Sporadic Sellers,2,0.9562788471044684,5,3
ACCESORIES_1_303,ACCESORIES,Premium Niche,1,1.2471655918801163,4,3
ACCESORIES_2_092,ACCESORIES,Sporadic Sellers,2,1.2505179017879486,5,3
HOME_&_GARDEN_1_258,HOME_&_GARDEN,Sporadic Sellers,2,0.969730079525793,5,3
HOME_&_GARDEN_2_364,HOME_&_GARDEN,Seasonal Spikes,3,1.1961994425550908,6,3
HOME_&_GARDEN_2_415,HOME_&_GARDEN,Sporadic Sellers,4,1.7436219121504597,7,3
HOME_&_GARDEN_2_458,HOME_&_GARDEN,Sporadic Sellers,3,1.3282637304931568,6,3
SUPERMARKET_2_053,SUPERMARKET,Everyday Essentials,5,2.3480030124003815,8,3
HOME_&_GARDEN_2_305,HOME_&_GARDEN,Everyday Essentials,5,2.7558261732631806,8,3
SUPERMARKET_3_395,SUPERMARKET,Everyday Essentials,5,3.484714389100713,8,3
HOME_&_GARDEN_2_326,HOME_&_GARDEN,Everyday Essentials,1,1.408914404428376,4,3
HOME_&_GARDEN_2_161,HOME_&_GARDEN,Premium Niche,1,0.7213822301342658,4,3
ACCESORIES_1_315,ACCESORIES,Everyday Essentials,1,1.0508140462921742,4,3
ACCESORIES_2_021,ACCESORIES,Sporadic Sellers,3,1.1639708687876005,6,3
HOME_&_GARDEN_2_169,HOME_&_GARDEN,Sporadic Sellers,1,0.9434520114910218,4,3
ACCESORIES_1_063,ACCESORIES,Everyday Essentials,5,2.8951972353361106,8,3
ACCESORIES_1_093,ACCESORIES,Premium Niche,3,1.8626645410764304,6,3
ACCESORIES_1_062,ACCESORIES,Sporadic Sellers,2,0.867349450142546,5,3
HOME_&_GARDEN_2_180,HOME_&_GARDEN,Sporadic Sellers,2,1.1341732109980067,5,3
ACCESORIES_1_045,ACCESORIES,Sporadic Sellers,3,0.9562990813111232,5,2
HOME_&_GARDEN_2_428,HOME_&_GARDEN,Sporadic Sellers,1,0.7642035858553355,3,2
HOME_&_GARDEN_2_494,HOME_&_GARDEN,Everyday Essentials,0,0.4332081596498097,2,2
HOME_&_GARDEN_2_393,HOME_&_GARDEN,Sporadic Sellers,3,1.2277555833096343,5,2
ACCESORIES_1_128,ACCESORIES,Premium Niche,1,0.8324064403171707,3,2
HOME_&_GARDEN_2_487,HOME_&_GARDEN,Sporadic Sellers,1,0.5898482312050579,3,2
HOME_&_GARDEN_2_455,HOME_&_GARDEN,Everyday Essentials,2,1.0899723915302262,4,2
SUPERMARKET_3_554,SUPERMARKET,Everyday Essentials,2,1.2490789563372344,4,2
ACCESORIES_1_011,ACCESORIES,Sporadic Sellers,1,0.7649721048809269,3,2
ACCESORIES_1_181,ACCESORIES,Sporadic Sellers,0,0.3669163388740685,2,2
SUPERMARKET_3_630,SUPERMARKET,Everyday Essentials,1,0.9479547554037708,3,2
HOME_&_GARDEN_2_407,HOME_&_GARDEN,Everyday Essentials,1,1.075843822317344,3,2
ACCESORIES_1_002,ACCESORIES,Everyday Essentials,0,0.535648547024797,2,2
HOME_&_GARDEN_2_419,HOME_&_GARDEN,Sporadic Sellers,2,0.759962975053797,4,2
HOME_&_GARDEN_2_464,HOME_&_GARDEN,Everyday Essentials,0,0.3604029042652915,2,2
SUPERMARKET_3_597,SUPERMARKET,Sporadic Sellers,1,0.646634604293384,3,2
ACCESORIES_1_082,ACCESORIES,Everyday Essentials,2,1.2332700519885942,4,2
ACCESORIES_1_162,ACCESORIES,Sporadic Sellers,0,0.38714817360369,2,2
ACCESORIES_1_041,ACCESORIES,Everyday Essentials,1,0.9411567950502052,3,2
ACCESORIES_1_175,ACCESORIES,Sporadic Sellers,0,0.3137224246288799,2,2
ACCESORIES_1_070,ACCESORIES,Sporadic Sellers,2,0.8062418847722013,4,2
ACCESORIES_1_069,ACCESORIES,Premium Niche,3,1.306228545601768,5,2
HOME_&_GARDEN_2_473,HOME_&_GARDEN,Premium Niche,3,1.4452551439124397,5,2
ACCESORIES_1_035,ACCESORIES,Everyday Essentials,2,1.1284424019588313,4,2
SUPERMARKET_3_670,SUPERMARKET,Everyday Essentials,1,1.0643644027202102,3,2
HOME_&_GARDEN_1_432,HOME_&_GARDEN,Everyday Essentials,0,0.6383523042743064,2,2
HOME_&_GARDEN_2_441,HOME_&_GARDEN,Sporadic Sellers,0,0.3194721305881296,2,2
SUPERMARKET_3_578,SUPERMARKET,Everyday Essentials,1,0.8687433146667662,3,2
ACCESORIES_1_065,ACCESORIES,Sporadic Sellers,1,0.5827777382158279,3,2
HOME_&_GARDEN_2_446,HOME_&_GARDEN,Premium Niche,2,0.8589555875760314,4,2
HOME_&_GARDEN_2_449,HOME_&_GARDEN,Seasonal Spikes,0,0.3954212353825159,2,2
ACCESORIES_1_039,ACCESORIES,Sporadic Sellers,1,0.690280788563419,3,2
SUPERMARKET_1_028,SUPERMARKET,Sporadic Sellers,1,0.6400253169925414,3,2
SUPERMARKET_3_781,SUPERMARKET,Everyday Essentials,1,0.8795257085496803,3,2
ACCESORIES_1_170,ACCESORIES,Premium Niche,3,1.1544636811930933,5,2
HOME_&_GARDEN_2_516,HOME_&_GARDEN,Everyday Essentials,1,0.6804887369219794,3,2
ACCESORIES_1_117,ACCESORIES,Premium Niche,1,0.9973684452879086,3,2
SUPERMARKET_3_567,SUPERMARKET,Sporadic Sellers,2,1.0745003864679508,4,2
ACCESORIES_1_112,ACCESORIES,Sporadic Sellers,0,0.2729498135190728,2,2
HOME_&_GARDEN_2_392,HOME_&_GARDEN,Sporadic Sellers,1,0.5211970642162678,3,2
HOME_&_GARDEN_1_366,HOME_&_GARDEN,Everyday Essentials,1,0.6733348097196943,3,2
SUPERMARKET_1_008,SUPERMARKET,Sporadic Sellers,2,1.0147156551531429,4,2
SUPERMARKET_3_649,SUPERMARKET,Sporadic Sellers,0,0.3107411013266272,2,2
HOME_&_GARDEN_2_481,HOME_&_GARDEN,Premium Niche,1,0.8038469492619319,3,2
HOME_&_GARDEN_1_427,HOME_&_GARDEN,Everyday Essentials,1,0.5921413716675724,3,2
SUPERMARKET_3_563,SUPERMARKET,Seasonal Spikes,1,0.4397592878550279,3,2
ACCESORIES_1_174,ACCESORIES,Sporadic Sellers,0,0.3864478338416576,2,2
SUPERMARKET_1_026,SUPERMARKET,Everyday Essentials,0,0.4370347589478333,2,2
ACCESORIES_1_141,ACCESORIES,Premium Niche,1,1.045843468209042,3,2
HOME_&_GARDEN_2_412,HOME_&_GARDEN,Sporadic Sellers,1,0.5542612684393381,3,2
SUPERMARKET_2_169,SUPERMARKET,Sporadic Sellers,3,1.176256214059912,5,2
ACCESORIES_1_184,ACCESORIES,Premium Niche,2,1.0549998865115198,4,2
HOME_&_GARDEN_2_101,HOME_&_GARDEN,Sporadic Sellers,2,0.5657294904608432,4,2
HOME_&_GARDEN_1_297,HOME_&_GARDEN,Seasonal Spikes,2,0.5876676940786836,4,2
HOME_&_GARDEN_2_099,HOME_&_GARDEN,Everyday Essentials,2,1.1389007788399552,4,2
SUPERMARKET_3_198,SUPERMARKET,Sporadic Sellers,1,0.6157747494484316,3,2
HOME_&_GARDEN_2_100,HOME_&_GARDEN,Sporadic Sellers,0,0.4574323810023025,2,2
ACCESORIES_2_102,ACCESORIES,Sporadic Sellers,2,1.0834826059347913,4,2
SUPERMARKET_3_194,SUPERMARKET,Everyday Essentials,4,2.354311741959266,6,2
SUPERMARKET_3_193,SUPERMARKET,Everyday Essentials,3,1.8537804963371929,5,2
ACCESORIES_1_419,ACCESORIES,Sporadic Sellers,2,1.204181781664158,4,2
SUPERMARKET_2_281,SUPERMARKET,Sporadic Sellers,0,0.5672225962381312,2,2
HOME_&_GARDEN_2_317,HOME_&_GARDEN,Everyday Essentials,2,0.9546890877745624,4,2
ACCESORIES_1_422,ACCESORIES,Everyday Essentials,0,0.4075241637590747,2,2
HOME_&_GARDEN_2_278,HOME_&_GARDEN,Premium Niche,0,0.4391160817512748,2,2
HOME_&_GARDEN_2_107,HOME_&_GARDEN,Premium Niche,2,1.1803220226527191,4,2
HOME_&_GARDEN_1_087,HOME_&_GARDEN,Everyday Essentials,0,0.7235220320856734,2,2
ACCESORIES_2_002,ACCESORIES,Sporadic Sellers,2,1.0963380722517944,4,2
SUPERMARKET_3_171,SUPERMARKET,Sporadic Sellers,1,0.3945555488177436,3,2
HOME_&_GARDEN_2_189,HOME_&_GARDEN,Premium Niche,1,0.8256914951501776,3,2
SUPERMARKET_2_080,SUPERMARKET,Sporadic Sellers,2,0.8562677213614831,4,2
HOME_&_GARDEN_2_094,HOME_&_GARDEN,Sporadic Sellers,1,0.6869101275153375,3,2
ACCESORIES_1_401,ACCESORIES,Sporadic Sellers,0,0.5118661758749141,2,2
HOME_&_GARDEN_2_065,HOME_&_GARDEN,Sporadic Sellers,1,0.5151834593112254,3,2
HOME_&_GARDEN_2_071,HOME_&_GARDEN,Everyday Essentials,1,0.9085027075684988,3,2
HOME_&_GARDEN_2_073,HOME_&_GARDEN,Premium Niche,0,0.2684673138515301,2,2
HOME_&_GARDEN_2_337,HOME_&_GARDEN,Everyday Essentials,2,1.1636433350648876,4,2
SUPERMARKET_3_271,SUPERMARKET,Everyday Essentials,1,0.8849634142081508,3,2
HOME_&_GARDEN_2_079,HOME_&_GARDEN,Everyday Essentials,2,1.340721404292165,4,2
HOME_&_GARDEN_2_080,HOME_&_GARDEN,Seasonal Spikes,2,0.6818170366245256,4,2
ACCESORIES_2_119,ACCESORIES,Sporadic Sellers,2,0.665345280680259,4,2
HOME_&_GARDEN_2_329,HOME_&_GARDEN,Everyday Essentials,1,0.7633071248826476,3,2
ACCESORIES_1_385,ACCESORIES,Seasonal Spikes,1,0.525834980553328,3,2
ACCESORIES_1_386,ACCESORIES,Everyday Essentials,3,1.4367557669679794,5,2
HOME_&_GARDEN_2_086,HOME_&_GARDEN,Sporadic Sellers,1,0.6924209485981607,3,2
HOME_&_GARDEN_2_274,HOME_&_GARDEN,Sporadic Sellers,1,0.7663759312187303,3,2
HOME_&_GARDEN_2_192,HOME_&_GARDEN,Sporadic Sellers,0,0.3032769923891941,2,2
HOME_&_GARDEN_1_148,HOME_&_GARDEN,Seasonal Spikes,0,0.287799091855936,2,2
SUPERMARKET_2_363,SUPERMARKET,Sporadic Sellers,1,0.5846868787042334,3,2
ACCESORIES_2_099,ACCESORIES,Sporadic Sellers,3,0.9010193072258488,5,2
HOME_&_GARDEN_2_310,HOME_&_GARDEN,Everyday Essentials,3,1.8493947169999272,5,2
HOME_&_GARDEN_2_134,HOME_&_GARDEN,Sporadic Sellers,0,0.4009940226204251,2,2
SUPERMARKET_2_395,SUPERMARKET,Sporadic Sellers,2,0.7441695729493767,4,2
ACCESORIES_2_049,ACCESORIES,Sporadic Sellers,2,1.057945983786934,4,2
HOME_&_GARDEN_2_138,HOME_&_GARDEN,Sporadic Sellers,1,0.6486495284309587,3,2
SUPERMARKET_3_077,SUPERMARKET,Sporadic Sellers,0,0.3110689526112642,2,2
SUPERMARKET_3_002,SUPERMARKET,Sporadic Sellers,1,0.4834835283598727,3,2
ACCESORIES_2_055,ACCESORIES,Sporadic Sellers,1,0.6307691614621858,3,2
SUPERMARKET_3_005,SUPERMARKET,Everyday Essentials,1,1.1075134805735671,3,2
HOME_&_GARDEN_2_288,HOME_&_GARDEN,Everyday Essentials,2,1.4111699416468664,4,2
HOME_&_GARDEN_2_144,HOME_&_GARDEN,Sporadic Sellers,0,0.4300604841382152,2,2
ACCESORIES_2_062,ACCESORIES,Sporadic Sellers,2,0.9480062810889628,4,2
HOME_&_GARDEN_1_092,HOME_&_GARDEN,Sporadic Sellers,1,0.64168050812384,3,2
HOME_&_GARDEN_2_149,HOME_&_GARDEN,Sporadic Sellers,1,0.5274350471870658,3,2
HOME_&_GARDEN_2_158,HOME_&_GARDEN,Premium Niche,1,0.6511689798143309,3,2
ACCESORIES_2_080,ACCESORIES,Sporadic Sellers,2,1.0447383449333556,4,2
ACCESORIES_2_076,ACCESORIES,Everyday Essentials,1,0.918706426933562,3,2
ACCESORIES_2_046,ACCESORIES,Everyday Essentials,1,0.6835001398595774,3,2
HOME_&_GARDEN_1_108,HOME_&_GARDEN,Everyday Essentials,2,1.1844177187804006,4,2
ACCESORIES_2_005,ACCESORIES,Sporadic Sellers,1,0.7019245666714644,3,2
HOME_&_GARDEN_2_127,HOME_&_GARDEN,Sporadic Sellers,3,1.1992614141614475,5,2
SUPERMARKET_3_165,SUPERMARKET,Sporadic Sellers,1,0.7497705499138443,3,2
HOME_&_GARDEN_2_309,HOME_&_GARDEN,Sporadic Sellers,0,0.2430666412016146,2,2
ACCESORIES_2_006,ACCESORIES,Sporadic Sellers,1,0.6882737730740524,3,2
SUPERMARKET_2_006,SUPERMARKET,Premium Niche,4,1.4456983039752154,6,2
HOME_&_GARDEN_1_216,HOME_&_GARDEN,Premium Niche,2,0.786549798151768,4,2
HOME_&_GARDEN_2_179,HOME_&_GARDEN,Everyday Essentials,1,1.0169170117907604,3,2
ACCESORIES_2_020,ACCESORIES,Everyday Essentials,1,0.8065162572031227,3,2
ACCESORIES_2_027,ACCESORIES,Sporadic Sellers,0,0.2920001873196352,2,2
HOME_&_GARDEN_2_117,HOME_&_GARDEN,Everyday Essentials,0,0.5857139294422072,2,2
ACCESORIES_2_029,ACCESORIES,Everyday Essentials,3,1.5483958215661666,5,2
HOME_&_GARDEN_2_174,HOME_&_GARDEN,Sporadic Sellers,3,1.454416513880899,5,2
HOME_&_GARDEN_2_121,HOME_&_GARDEN,Sporadic Sellers,2,0.9965389031072996,4,2
ACCESORIES_2_034,ACCESORIES,Sporadic Sellers,2,0.8633220632146945,4,2
SUPERMARKET_2_068,SUPERMARKET,Sporadic Sellers,1,0.6428600949764999,3,2
ACCESORIES_2_039,ACCESORIES,Sporadic Sellers,2,1.1297111589465385,4,2
HOME_&_GARDEN_2_063,HOME_&_GARDEN,Everyday Essentials,2,1.255204593789904,4,2
ACCESORIES_1_375,ACCESORIES,Premium Niche,1,0.6971707833268082,3,2
HOME_&_GARDEN_2_057,HOME_&_GARDEN,Sporadic Sellers,2,0.5579701920678042,4,2
ACCESORIES_1_263,ACCESORIES,Sporadic Sellers,4,1.4065064269677348,6,2
HOME_&_GARDEN_2_377,HOME_&_GARDEN,Everyday Essentials,3,1.5199445377572167,5,2
ACCESORIES_1_257,ACCESORIES,Premium Niche,0,0.5654880304328713,2,2
HOME_&_GARDEN_2_254,HOME_&_GARDEN,Sporadic Sellers,0,0.4537924418503651,2,2
HOME_&_GARDEN_2_218,HOME_&_GARDEN,Premium Niche,2,1.0662960125246308,4,2
HOME_&_GARDEN_2_216,HOME_&_GARDEN,Sporadic Sellers,1,0.4058337874713924,3,2
HOME_&_GARDEN_2_255,HOME_&_GARDEN,Premium Niche,3,1.4864583094740889,5,2
SUPERMARKET_2_223,SUPERMARKET,Sporadic Sellers,3,1.2402425737820808,5,2
HOME_&_GARDEN_1_199,HOME_&_GARDEN,Sporadic Sellers,4,1.5136369137399186,6,2
ACCESORIES_1_289,ACCESORIES,Everyday Essentials,2,1.1962006543842216,4,2
HOME_&_GARDEN_2_027,HOME_&_GARDEN,Sporadic Sellers,1,0.6658667715453743,3,2
ACCESORIES_2_146,ACCESORIES,Sporadic Sellers,1,0.8642641324398866,3,2
HOME_&_GARDEN_2_028,HOME_&_GARDEN,Everyday Essentials,2,1.374539209520789,4,2
HOME_&_GARDEN_2_029,HOME_&_GARDEN,Premium Niche,2,1.031750527454906,4,2
SUPERMARKET_2_229,SUPERMARKET,Sporadic Sellers,2,0.7940285113548698,4,2
SUPERMARKET_1_095,SUPERMARKET,Everyday Essentials,1,0.7679767164802771,3,2
ACCESORIES_1_284,ACCESORIES,Sporadic Sellers,3,1.4379117641751966,5,2
HOME_&_GARDEN_2_014,HOME_&_GARDEN,Everyday Essentials,1,0.9030510086400324,3,2
HOME_&_GARDEN_2_379,HOME_&_GARDEN,Sporadic Sellers,1,0.8347918083793657,3,2
SUPERMARKET_2_155,SUPERMARKET,Sporadic Sellers,1,0.4995574873286985,3,2
HOME_&_GARDEN_2_230,HOME_&_GARDEN,Sporadic Sellers,0,0.1966153339426536,2,2
ACCESORIES_1_187,ACCESORIES,Everyday Essentials,3,1.846137184873461,5,2
ACCESORIES_1_188,ACCESORIES,Premium Niche,2,1.07926689847351,4,2
SUPERMARKET_1_043,SUPERMARKET,Star Products,1,0.9027268411579616,3,2
HOME_&_GARDEN_2_242,HOME_&_GARDEN,Premium Niche,2,1.1386301811095532,4,2
ACCESORIES_1_191,ACCESORIES,Sporadic Sellers,1,0.668438038200483,3,2
SUPERMARKET_2_166,SUPERMARKET,Everyday Essentials,1,0.6778979520313206,3,2
HOME_&_GARDEN_1_037,HOME_&_GARDEN,Everyday Essentials,4,1.9702103094822416,6,2
ACCESORIES_1_205,ACCESORIES,Sporadic Sellers,0,0.5634378179708057,2,2
HOME_&_GARDEN_2_004,HOME_&_GARDEN,Sporadic Sellers,3,1.1959845818442314,5,2
HOME_&_GARDEN_2_231,HOME_&_GARDEN,Everyday Essentials,3,1.8816336059470231,5,2
SUPERMARKET_3_506,SUPERMARKET,Everyday Essentials,4,2.1390346577175405,6,2
HOME_&_GARDEN_2_006,HOME_&_GARDEN,Sporadic Sellers,1,0.706119137165094,3,2
ACCESORIES_1_218,ACCESORIES,Premium Niche,0,0.4970632388225287,2,2
ACCESORIES_1_221,ACCESORIES,Everyday Essentials,2,1.1794148056142753,4,2
SUPERMARKET_1_056,SUPERMARKET,Seasonal Spikes,1,0.572056975343251,3,2
ACCESORIES_1_285,ACCESORIES,Premium Niche,0,0.2916055338085139,2,2
HOME_&_GARDEN_1_269,HOME_&_GARDEN,Everyday Essentials,2,1.5563089150950502,4,2
ACCESORIES_2_077,ACCESORIES,Sporadic Sellers,1,0.4469608864347193,3,2
ACCESORIES_2_132,ACCESORIES,Sporadic Sellers,0,0.1694949454161664,2,2
SUPERMARKET_2_257,SUPERMARKET,Everyday Essentials,0,0.3623672852399309,2,2
HOME_&_GARDEN_2_352,HOME_&_GARDEN,Everyday Essentials,2,1.0875842490063552,4,2
SUPERMARKET_3_343,SUPERMARKET,Everyday Essentials,2,1.0946274804220868,4,2
SUPERMARKET_2_132,SUPERMARKET,Sporadic Sellers,2,0.8985599571126635,4,2
HOME_&_GARDEN_2_208,HOME_&_GARDEN,Premium Niche,1,0.8269242244465382,3,2
HOME_&_GARDEN_2_045,HOME_&_GARDEN,Premium Niche,1,0.650577429383455,3,2
SUPERMARKET_2_269,SUPERMARKET,Sporadic Sellers,3,1.43740370866004,5,2
HOME_&_GARDEN_2_040,HOME_&_GARDEN,Sporadic Sellers,1,0.5327574192347768,3,2
HOME_&_GARDEN_2_042,HOME_&_GARDEN,Sporadic Sellers,1,0.6054427494139164,3,2
ACCESORIES_1_302,ACCESORIES,Sporadic Sellers,1,0.6121058672964688,3,2
SUPERMARKET_2_240,SUPERMARKET,Everyday Essentials,2,1.070420196971644,4,2
HOME_&_GARDEN_2_038,HOME_&_GARDEN,Everyday Essentials,2,1.003944024364261,4,2
HOME_&_GARDEN_1_276,HOME_&_GARDEN,Premium Niche,2,1.4371221719272924,4,2
HOME_&_GARDEN_2_258,HOME_&_GARDEN,Sporadic Sellers,1,0.7250532853508391,3,2
HOME_&_GARDEN_2_204,HOME_&_GARDEN,Premium Niche,4,1.6934040228150369,6,2
HOME_&_GARDEN_2_048,HOME_&_GARDEN,Everyday Essentials,2,1.1200228520798754,4,2
HOME_&_GARDEN_2_211,HOME_&_GARDEN,Premium Niche,2,0.9678316684531076,4,2
SUPERMARKET_2_178,SUPERMARKET,Sporadic Sellers,1,0.4044461957877467,2,1
ACCESORIES_2_082,ACCESORIES,Sporadic Sellers,0,0.1519769155529008,1,1
ACCESORIES_2_079,ACCESORIES,Sporadic Sellers,0,0.0355404096779229,1,1
SUPERMARKET_2_066,SUPERMARKET,Everyday Essentials,0,0.3450437435875755,1,1
HOME_&_GARDEN_2_471,HOME_&_GARDEN,Everyday Essentials,0,0.0777293341305997,1,1
HOME_&_GARDEN_2_474,HOME_&_GARDEN,Premium Niche,1,0.4528983398283561,2,1
HOME_&_GARDEN_2_443,HOME_&_GARDEN,Everyday Essentials,0,0.288182007152465,1,1
HOME_&_GARDEN_1_436,HOME_&_GARDEN,Premium Niche,0,0.247503974509828,1,1
SUPERMARKET_3_008,SUPERMARKET,Sporadic Sellers,0,0.0023438568147184,1,1
SUPERMARKET_2_159,SUPERMARKET,Sporadic Sellers,0,0.1062787822680099,1,1
ACCESORIES_2_127,ACCESORIES,Sporadic Sellers,1,0.3924503191334048,2,1
ACCESORIES_2_084,ACCESORIES,Sporadic Sellers,1,0.1945914375734554,2,1
SUPERMARKET_2_303,SUPERMARKET,Sporadic Sellers,0,0.2766742108143366,1,1
ACCESORIES_2_122,ACCESORIES,Seasonal Spikes,1,0.297331971444217,2,1
ACCESORIES_2_131,ACCESORIES,Sporadic Sellers,0,0.0600170061646438,1,1
HOME_&_GARDEN_2_233,HOME_&_GARDEN,Premium Niche,2,0.8453541080034871,3,1
SUPERMARKET_2_292,SUPERMARKET,Sporadic Sellers,0,0.089285677049847,1,1
SUPERMARKET_3_745,SUPERMARKET,Everyday Essentials,0,0.253973737914113,1,1
HOME_&_GARDEN_2_237,HOME_&_GARDEN,Sporadic Sellers,0,0.2472117540671938,1,1
ACCESORIES_2_125,ACCESORIES,Sporadic Sellers,0,0.0792816596076457,1,1
SUPERMARKET_3_013,SUPERMARKET,Everyday Essentials,0,0.0550080782207781,1,1
HOME_&_GARDEN_2_422,HOME_&_GARDEN,Sporadic Sellers,1,0.5695108949825999,2,1
SUPERMARKET_2_067,SUPERMARKET,Sporadic Sellers,0,0.1584259519259792,1,1
ACCESORIES_1_058,ACCESORIES,Premium Niche,2,0.8995532996820099,3,1
SUPERMARKET_2_231,SUPERMARKET,Everyday Essentials,0,0.0360558877019113,1,1
HOME_&_GARDEN_2_185,HOME_&_GARDEN,Sporadic Sellers,0,6.433179061655452e-06,1,1
SUPERMARKET_2_358,SUPERMARKET,Everyday Essentials,1,0.6743112106083277,2,1
HOME_&_GARDEN_1_049,HOME_&_GARDEN,Seasonal Spikes,0,1.613234744728197e-31,1,1
SUPERMARKET_3_806,SUPERMARKET,Sporadic Sellers,0,0.0038078889150776,1,1
ACCESORIES_2_111,ACCESORIES,Sporadic Sellers,0,0.1043465364796626,1,1
HOME_&_GARDEN_1_073,HOME_&_GARDEN,Everyday Essentials,0,1.5369585259265709e-21,1,1
HOME_&_GARDEN_2_202,HOME_&_GARDEN,Seasonal Spikes,0,0.1300231577715158,1,1
ACCESORIES_2_113,ACCESORIES,Sporadic Sellers,0,0.19884837244804,1,1
HOME_&_GARDEN_2_456,HOME_&_GARDEN,Seasonal Spikes,0,0.0809798964281066,1,1
SUPERMARKET_2_324,SUPERMARKET,Sporadic Sellers,0,0.051797191863073,1,1
HOME_&_GARDEN_2_210,HOME_&_GARDEN,Sporadic Sellers,0,0.094930604584517,1,1
ACCESORIES_1_052,ACCESORIES,Sporadic Sellers,0,0.1008371534645244,1,1
SUPERMARKET_2_246,SUPERMARKET,Sporadic Sellers,0,0.0124316430772057,1,1
HOME_&_GARDEN_2_462,HOME_&_GARDEN,Premium Niche,1,0.6357050330299112,2,1
HOME_&_GARDEN_2_421,HOME_&_GARDEN,Everyday Essentials,0,0.3127067152291081,1,1
HOME_&_GARDEN_2_175,HOME_&_GARDEN,Sporadic Sellers,0,0.0013737821750601,1,1
HOME_&_GARDEN_2_219,HOME_&_GARDEN,Everyday Essentials,0,0.1827298922302535,1,1
HOME_&_GARDEN_2_253,HOME_&_GARDEN,Sporadic Sellers,2,0.6706503815222161,3,1
ACCESORIES_2_097,ACCESORIES,Sporadic Sellers,0,0.0428329084253991,1,1
SUPERMARKET_2_070,SUPERMARKET,Seasonal Spikes,1,0.4837812689322693,2,1
SUPERMARKET_2_230,SUPERMARKET,Everyday Essentials,0,0.1557292996781772,1,1
SUPERMARKET_2_154,SUPERMARKET,Premium Niche,0,0.1913433551603545,1,1
HOME_&_GARDEN_2_249,HOME_&_GARDEN,Sporadic Sellers,0,0.1032087552346336,1,1
ACCESORIES_2_009,ACCESORIES,Everyday Essentials,0,0.1361492340458563,1,1
HOME_&_GARDEN_1_388,HOME_&_GARDEN,Seasonal Spikes,0,0.138114977086061,1,1
SUPERMARKET_3_345,SUPERMARKET,Everyday Essentials,0,0.1792839119797881,1,1
HOME_&_GARDEN_2_036,HOME_&_GARDEN,Everyday Essentials,0,0.2019218207521667,1,1
ACCESORIES_1_294,ACCESORIES,Sporadic Sellers,1,0.4835696936347794,2,1
HOME_&_GARDEN_2_363,HOME_&_GARDEN,Sporadic Sellers,0,0.1862807696634306,1,1
SUPERMARKET_1_110,SUPERMARKET,Everyday Essentials,0,0.1090129275627822,1,1
SUPERMARKET_3_374,SUPERMARKET,Sporadic Sellers,0,0.0137269937481591,1,1
ACCESORIES_1_307,ACCESORIES,Sporadic Sellers,0,0.2436564700582033,1,1
SUPERMARKET_1_120,SUPERMARKET,Everyday Essentials,0,0.2943546651887069,1,1
ACCESORIES_1_314,ACCESORIES,Sporadic Sellers,2,0.7335773391534589,3,1
SUPERMARKET_1_009,SUPERMARKET,Sporadic Sellers,1,0.4100867437356053,2,1
ACCESORIES_1_136,ACCESORIES,Sporadic Sellers,1,0.4490974488303173,2,1
HOME_&_GARDEN_2_154,HOME_&_GARDEN,Everyday Essentials,2,0.9140634937467076,3,1
ACCESORIES_1_133,ACCESORIES,Premium Niche,0,0.0081493164022007,1,1
HOME_&_GARDEN_2_401,HOME_&_GARDEN,Sporadic Sellers,0,8.322248535956781e-05,1,1
SUPERMARKET_1_126,SUPERMARKET,Sporadic Sellers,0,0.0402410965387831,1,1
SUPERMARKET_1_004,SUPERMARKET,Star Products,0,0.2830824891313227,1,1
ACCESORIES_1_335,ACCESORIES,Seasonal Spikes,0,5.118292614151331e-80,1,1
SUPERMARKET_1_140,SUPERMARKET,Everyday Essentials,0,0.0266835300477536,1,1
HOME_&_GARDEN_1_356,HOME_&_GARDEN,Seasonal Spikes,0,7.679833377442908e-81,1,1
ACCESORIES_1_366,ACCESORIES,Sporadic Sellers,0,0.2806343985266424,1,1
HOME_&_GARDEN_2_514,HOME_&_GARDEN,Premium Niche,0,0.2954927749922756,1,1
SUPERMARKET_1_091,SUPERMARKET,Everyday Essentials,0,0.0875114659564519,1,1
HOME_&_GARDEN_2_372,HOME_&_GARDEN,Sporadic Sellers,0,0.0084202645427996,1,1
ACCESORIES_1_275,ACCESORIES,Premium Niche,0,0.0025629182780719,1,1
ACCESORIES_1_274,ACCESORIES,Premium Niche,0,0.1822118026775797,1,1
SUPERMARKET_3_538,SUPERMARKET,Sporadic Sellers,0,1.978860982145616e-09,1,1
ACCESORIES_1_192,ACCESORIES,Sporadic Sellers,1,0.4605061647192804,2,1
HOME_&_GARDEN_1_322,HOME_&_GARDEN,Sporadic Sellers,0,0.0298284379577619,1,1
SUPERMARKET_1_044,SUPERMARKET,Everyday Essentials,0,0.0038349921772481,1,1
SUPERMARKET_3_558,SUPERMARKET,Everyday Essentials,0,0.2605061907327409,1,1
HOME_&_GARDEN_2_383,HOME_&_GARDEN,Everyday Essentials,0,0.2695087629368117,1,1
ACCESORIES_1_212,ACCESORIES,Sporadic Sellers,1,0.4496705876280241,2,1
HOME_&_GARDEN_2_005,HOME_&_GARDEN,Sporadic Sellers,2,0.4262216037471152,3,1
SUPERMARKET_1_057,SUPERMARKET,Sporadic Sellers,0,0.0351838200854595,1,1
SUPERMARKET_1_058,SUPERMARKET,Everyday Essentials,0,0.0355833087157413,1,1
HOME_&_GARDEN_1_209,HOME_&_GARDEN,Sporadic Sellers,1,0.3609748480115469,2,1
ACCESORIES_1_236,ACCESORIES,Premium Niche,0,0.0002714945843279,1,1
HOME_&_GARDEN_2_018,HOME_&_GARDEN,Sporadic Sellers,1,0.4015659232950684,2,1
HOME_&_GARDEN_1_226,HOME_&_GARDEN,Sporadic Sellers,0,0.2080982458764187,1,1
SUPERMARKET_1_079,SUPERMARKET,Sporadic Sellers,0,0.0110301111023595,1,1
HOME_&_GARDEN_1_336,HOME_&_GARDEN,Everyday Essentials,0,0.0664206403255659,1,1
SUPERMARKET_3_444,SUPERMARKET,Seasonal Spikes,0,2.4102766086002283e-20,1,1
SUPERMARKET_3_441,SUPERMARKET,Sporadic Sellers,0,1.2371592422506057e-37,1,1
ACCESORIES_1_260,ACCESORIES,Premium Niche,0,0.0055528161034227,1,1
ACCESORIES_1_367,ACCESORIES,Everyday Essentials,0,0.1722574578805209,1,1
SUPERMARKET_3_276,SUPERMARKET,Everyday Essentials,0,0.21188872998542,1,1
SUPERMARKET_3_275,SUPERMARKET,Seasonal Spikes,0,0.0391455803792149,1,1
HOME_&_GARDEN_2_482,HOME_&_GARDEN,Sporadic Sellers,0,0.2165148351894427,1,1
ACCESORIES_2_030,ACCESORIES,Sporadic Sellers,0,0.0002992539521479,1,1
ACCESORIES_1_087,ACCESORIES,Premium Niche,0,0.0017805261747382,1,1
HOME_&_GARDEN_2_119,HOME_&_GARDEN,Everyday Essentials,0,0.0251982359145116,1,1
HOME_&_GARDEN_2_123,HOME_&_GARDEN,Sporadic Sellers,0,0.0738376561723897,1,1
HOME_&_GARDEN_2_124,HOME_&_GARDEN,Everyday Essentials,0,0.3505819543496885,1,1
HOME_&_GARDEN_2_125,HOME_&_GARDEN,Seasonal Spikes,0,9.511587336587408e-06,1,1
SUPERMARKET_3_707,SUPERMARKET,Sporadic Sellers,0,0.0092734921282591,1,1
SUPERMARKET_2_031,SUPERMARKET,Sporadic Sellers,0,0.0002095535558015,1,1
SUPERMARKET_2_032,SUPERMARKET,Sporadic Sellers,0,0.0015665179448367,1,1
SUPERMARKET_3_073,SUPERMARKET,Seasonal Spikes,0,2.696333283511332e-13,1,1
SUPERMARKET_3_256,SUPERMARKET,Sporadic Sellers,1,0.4666495042700638,2,1
SUPERMARKET_3_069,SUPERMARKET,Seasonal Spikes,1,0.3641494514344193,2,1
HOME_&_GARDEN_2_141,HOME_&_GARDEN,Sporadic Sellers,0,0.172080067530276,1,1
ACCESORIES_2_061,ACCESORIES,Sporadic Sellers,0,0.2255076654101146,1,1
HOME_&_GARDEN_1_100,HOME_&_GARDEN,Everyday Essentials,0,0.2017272350949273,1,1
HOME_&_GARDEN_2_479,HOME_&_GARDEN,Sporadic Sellers,1,0.3506929556585538,2,1
HOME_&_GARDEN_2_147,HOME_&_GARDEN,Sporadic Sellers,1,0.5094751187433995,2,1
ACCESORIES_2_066,ACCESORIES,Sporadic Sellers,1,0.2960966398869534,2,1
SUPERMARKET_2_040,SUPERMARKET,Sporadic Sellers,0,0.2054857818284423,1,1
SUPERMARKET_2_042,SUPERMARKET,Everyday Essentials,0,0.2991520392941414,1,1
SUPERMARKET_3_128,SUPERMARKET,Everyday Essentials,0,0.3866260033582945,1,1
ACCESORIES_2_019,ACCESORIES,Sporadic Sellers,0,0.0095203212165655,1,1
ACCESORIES_2_018,ACCESORIES,Sporadic Sellers,0,0.0003171148070154,1,1
SUPERMARKET_2_008,SUPERMARKET,Sporadic Sellers,0,0.1377623532316423,1,1
HOME_&_GARDEN_1_151,HOME_&_GARDEN,Everyday Essentials,1,0.7550578015327949,2,1
SUPERMARKET_3_647,SUPERMARKET,Sporadic Sellers,0,0.0444047597426873,1,1
HOME_&_GARDEN_1_487,HOME_&_GARDEN,Sporadic Sellers,0,7.014209271451407e-05,1,1
ACCESORIES_1_403,ACCESORIES,Premium Niche,0,0.3116214162036453,1,1
SUPERMARKET_1_192,SUPERMARKET,Everyday Essentials,0,0.1849796923025442,1,1
HOME_&_GARDEN_2_092,HOME_&_GARDEN,Sporadic Sellers,0,0.2758542713238372,1,1
SUPERMARKET_3_210,SUPERMARKET,Everyday Essentials,0,0.2784442090205966,1,1
SUPERMARKET_3_206,SUPERMARKET,Everyday Essentials,0,0.0165024015057114,1,1
HOME_&_GARDEN_2_504,HOME_&_GARDEN,Sporadic Sellers,0,0.1517747045932434,1,1
SUPERMARKET_3_205,SUPERMARKET,Sporadic Sellers,0,0.0110657984885109,1,1
HOME_&_GARDEN_2_502,HOME_&_GARDEN,Sporadic Sellers,0,0.0182425376247223,1,1
HOME_&_GARDEN_2_320,HOME_&_GARDEN,Premium Niche,0,0.1002311413099469,1,1
HOME_&_GARDEN_2_410,HOME_&_GARDEN,Everyday Essentials,0,0.0581836391334292,1,1
SUPERMARKET_1_209,SUPERMARKET,Everyday Essentials,0,0.3201293123471663,1,1
SUPERMARKET_1_210,SUPERMARKET,Everyday Essentials,0,0.1810699064568174,1,1
HOME_&_GARDEN_2_108,HOME_&_GARDEN,Seasonal Spikes,0,0.0158273992639219,1,1
HOME_&_GARDEN_2_411,HOME_&_GARDEN,Everyday Essentials,0,0.1100698516282845,1,1
HOME_&_GARDEN_1_124,HOME_&_GARDEN,Everyday Essentials,0,1.2619317227692782e-16,1,1
SUPERMARKET_1_158,SUPERMARKET,Everyday Essentials,1,0.6078640517029663,2,1
